ORANGE_CONCRETE;
ORANGE_CONCRETE;
ORANGE_CONCRETE;
ORANGE_CONCRETE;
ORANGE_CONCRETE;
RED_CONCRETE;
ORANGE_CONCRETE;
ORANGE_CONCRETE;
ORANGE_CONCRETE;
ORANGE_CONCRETE;
ORANGE_CONCRETE;
ORANGE_CONCRETE;
RED_CONCRETE;
RED_CONCRETE;
RED_CONCRETE;
ORANGE_CONCRETE;
ORANGE_CONCRETE;
ORANGE_CONCRETE;
ORANGE_CONCRETE;
ORANGE_CONCRETE;
ORANGE_CONCRETE;
ORANGE_CONCRETE;
ORANGE_CONCRETE;
ORANGE_CONCRETE;
ORANGE_CONCRETE;
ORANGE_CONCRETE;
ORANGE_CONCRETE;
ORANGE_CONCRETE;
ORANGE_CONCRETE;
ORANGE_CONCRETE;
ORANGE_CONCRETE;
ORANGE_CONCRETE;
ORANGE_CONCRETE;
ORANGE_CONCRETE;
ORANGE_CONCRETE;
ORANGE_CONCRETE;
ORANGE_CONCRETE;
ORANGE_CONCRETE;
ORANGE_CONCRETE;
ORANGE_CONCRETE;
ORANGE_CONCRETE;
ORANGE_CONCRETE;
ORANGE_CONCRETE;
RED_CONCRETE;
RED_CONCRETE;
RED_CONCRETE;
RED_CONCRETE;
RED_CONCRETE;
RED_CONCRETE;
RED_CONCRETE;
ORANGE_CONCRETE;
RED_CONCRETE;
ORANGE_CONCRETE;
RED_CONCRETE;
RED_CONCRETE;
ORANGE_CONCRETE;
ORANGE_CONCRETE;
ORANGE_CONCRETE;
ORANGE_CONCRETE;
ORANGE_CONCRETE;
ORANGE_CONCRETE;
ORANGE_CONCRETE;
ORANGE_CONCRETE;
ORANGE_CONCRETE;
ORANGE_CONCRETE;
ORANGE_CONCRETE;
ORANGE_CONCRETE;
ORANGE_CONCRETE;
ORANGE_CONCRETE;
ORANGE_CONCRETE;
ORANGE_CONCRETE;
ORANGE_CONCRETE;
ORANGE_CONCRETE;
ORANGE_CONCRETE;
ORANGE_CONCRETE;
ORANGE_CONCRETE;
ORANGE_CONCRETE;
ORANGE_CONCRETE;
ORANGE_CONCRETE;
ORANGE_CONCRETE;
ORANGE_CONCRETE;
ORANGE_CONCRETE;
ORANGE_CONCRETE;
ORANGE_CONCRETE;
ORANGE_CONCRETE;
ORANGE_CONCRETE;
ORANGE_CONCRETE;
ORANGE_CONCRETE;
ORANGE_CONCRETE;
ORANGE_CONCRETE;
ORANGE_CONCRETE;
ORANGE_CONCRETE;
RED_CONCRETE;
RED_CONCRETE;
RED_CONCRETE;
RED_CONCRETE;
RED_CONCRETE;
RED_CONCRETE;
RED_CONCRETE;
RED_CONCRETE;
ORANGE_CONCRETE;
ORANGE_CONCRETE;
ORANGE_CONCRETE;
RED_CONCRETE;
ORANGE_CONCRETE;
ORANGE_CONCRETE;
ORANGE_CONCRETE;
ORANGE_CONCRETE;
ORANGE_CONCRETE;
ORANGE_CONCRETE;
ORANGE_CONCRETE;
ORANGE_CONCRETE;
ORANGE_CONCRETE;
ORANGE_CONCRETE;
ORANGE_CONCRETE;
ORANGE_CONCRETE;
ORANGE_CONCRETE;
ORANGE_CONCRETE;
ORANGE_CONCRETE;
ORANGE_CONCRETE;
ORANGE_CONCRETE;
ORANGE_CONCRETE;
ORANGE_CONCRETE;
ORANGE_CONCRETE;
ORANGE_CONCRETE;
ORANGE_CONCRETE;
ORANGE_CONCRETE;
ORANGE_CONCRETE;
ORANGE_CONCRETE;
ORANGE_CONCRETE;
ORANGE_CONCRETE;
ORANGE_CONCRETE;
ORANGE_CONCRETE;
ORANGE_CONCRETE;
ORANGE_CONCRETE;
ORANGE_CONCRETE;
ORANGE_CONCRETE;
ORANGE_CONCRETE;
ORANGE_CONCRETE;
ORANGE_CONCRETE;
ORANGE_CONCRETE;
ORANGE_CONCRETE;
RED_CONCRETE;
RED_CONCRETE;
RED_CONCRETE;
RED_CONCRETE;
RED_CONCRETE;
RED_CONCRETE;
RED_CONCRETE;
RED_CONCRETE;
ORANGE_CONCRETE;
RED_CONCRETE;
ORANGE_CONCRETE;
ORANGE_CONCRETE;
ORANGE_CONCRETE;
ORANGE_CONCRETE;
ORANGE_CONCRETE;
ORANGE_CONCRETE;
ORANGE_CONCRETE;
ORANGE_CONCRETE;
ORANGE_CONCRETE;
ORANGE_CONCRETE;
ORANGE_CONCRETE;
ORANGE_CONCRETE;
ORANGE_CONCRETE;
ORANGE_CONCRETE;
ORANGE_CONCRETE;
ORANGE_CONCRETE;
ORANGE_CONCRETE;
ORANGE_CONCRETE;
ORANGE_CONCRETE;
RED_CONCRETE;
RED_CONCRETE;
RED_CONCRETE;
RED_CONCRETE;
RED_CONCRETE;
ORANGE_CONCRETE;
ORANGE_CONCRETE;
ORANGE_CONCRETE;
ORANGE_CONCRETE;
ORANGE_CONCRETE;
ORANGE_CONCRETE;
ORANGE_CONCRETE;
ORANGE_CONCRETE;
ORANGE_CONCRETE;
ORANGE_CONCRETE;
ORANGE_CONCRETE;
ORANGE_CONCRETE;
ORANGE_CONCRETE;
RED_CONCRETE;
RED_CONCRETE;
RED_CONCRETE;
ORANGE_CONCRETE;
RED_CONCRETE;
RED_CONCRETE;
RED_CONCRETE;
RED_CONCRETE;
RED_CONCRETE;
RED_CONCRETE;
RED_CONCRETE;
ORANGE_CONCRETE;
ORANGE_CONCRETE;
ORANGE_CONCRETE;
ORANGE_CONCRETE;
ORANGE_CONCRETE;
ORANGE_CONCRETE;
ORANGE_CONCRETE;
ORANGE_CONCRETE;
ORANGE_CONCRETE;
ORANGE_CONCRETE;
ORANGE_CONCRETE;
ORANGE_CONCRETE;
ORANGE_CONCRETE;
ORANGE_CONCRETE;
ORANGE_CONCRETE;
ORANGE_CONCRETE;
ORANGE_CONCRETE;
ORANGE_CONCRETE;
ORANGE_CONCRETE;
ORANGE_CONCRETE;
ORANGE_CONCRETE;
RED_CONCRETE;
RED_CONCRETE;
RED_CONCRETE;
RED_CONCRETE;
RED_CONCRETE;
RED_CONCRETE;
ORANGE_CONCRETE;
ORANGE_CONCRETE;
ORANGE_CONCRETE;
ORANGE_CONCRETE;
ORANGE_CONCRETE;
RED_CONCRETE;
ORANGE_CONCRETE;
ORANGE_CONCRETE;
ORANGE_CONCRETE;
ORANGE_CONCRETE;
ORANGE_CONCRETE;
ORANGE_CONCRETE;
RED_CONCRETE;
ORANGE_CONCRETE;
ORANGE_CONCRETE;
ORANGE_CONCRETE;
RED_CONCRETE;
RED_CONCRETE;
RED_CONCRETE;
RED_CONCRETE;
RED_CONCRETE;
RED_CONCRETE;
RED_CONCRETE;
ORANGE_CONCRETE;
ORANGE_CONCRETE;
ORANGE_CONCRETE;
ORANGE_CONCRETE;
ORANGE_CONCRETE;
ORANGE_CONCRETE;
ORANGE_CONCRETE;
ORANGE_CONCRETE;
ORANGE_CONCRETE;
ORANGE_CONCRETE;
ORANGE_CONCRETE;
ORANGE_CONCRETE;
ORANGE_CONCRETE;
ORANGE_CONCRETE;
ORANGE_CONCRETE;
ORANGE_CONCRETE;
ORANGE_CONCRETE;
ORANGE_CONCRETE;
ORANGE_CONCRETE;
ORANGE_CONCRETE;
ORANGE_CONCRETE;
RED_CONCRETE;
RED_CONCRETE;
RED_CONCRETE;
RED_CONCRETE;
RED_CONCRETE;
RED_CONCRETE;
ORANGE_CONCRETE;
ORANGE_CONCRETE;
ORANGE_CONCRETE;
RED_CONCRETE;
RED_CONCRETE;
RED_CONCRETE;
RED_CONCRETE;
RED_CONCRETE;
RED_CONCRETE;
RED_CONCRETE;
RED_CONCRETE;
RED_CONCRETE;
ORANGE_CONCRETE;
ORANGE_CONCRETE;
ORANGE_CONCRETE;
RED_CONCRETE;
RED_CONCRETE;
RED_CONCRETE;
RED_CONCRETE;
RED_CONCRETE;
RED_CONCRETE;
RED_CONCRETE;
RED_CONCRETE;
ORANGE_CONCRETE;
ORANGE_CONCRETE;
ORANGE_CONCRETE;
ORANGE_CONCRETE;
ORANGE_CONCRETE;
ORANGE_CONCRETE;
ORANGE_CONCRETE;
ORANGE_CONCRETE;
ORANGE_CONCRETE;
ORANGE_CONCRETE;
ORANGE_CONCRETE;
ORANGE_CONCRETE;
ORANGE_CONCRETE;
ORANGE_CONCRETE;
ORANGE_CONCRETE;
ORANGE_CONCRETE;
ORANGE_CONCRETE;
ORANGE_CONCRETE;
ORANGE_CONCRETE;
ORANGE_CONCRETE;
ORANGE_CONCRETE;
RED_CONCRETE;
RED_CONCRETE;
RED_CONCRETE;
RED_CONCRETE;
RED_CONCRETE;
RED_CONCRETE;
RED_CONCRETE;
ORANGE_CONCRETE;
ORANGE_CONCRETE;
RED_CONCRETE;
RED_CONCRETE;
RED_CONCRETE;
ORANGE_CONCRETE;
ORANGE_CONCRETE;
ORANGE_CONCRETE;
RED_CONCRETE;
RED_CONCRETE;
ORANGE_CONCRETE;
ORANGE_CONCRETE;
RED_CONCRETE;
RED_CONCRETE;
RED_CONCRETE;
RED_CONCRETE;
RED_CONCRETE;
RED_CONCRETE;
RED_CONCRETE;
RED_CONCRETE;
RED_CONCRETE;
RED_CONCRETE;
ORANGE_CONCRETE;
ORANGE_CONCRETE;
ORANGE_CONCRETE;
ORANGE_CONCRETE;
ORANGE_CONCRETE;
ORANGE_CONCRETE;
ORANGE_CONCRETE;
ORANGE_CONCRETE;
ORANGE_CONCRETE;
ORANGE_CONCRETE;
ORANGE_CONCRETE;
ORANGE_CONCRETE;
ORANGE_CONCRETE;
ORANGE_CONCRETE;
ORANGE_CONCRETE;
ORANGE_CONCRETE;
ORANGE_CONCRETE;
ORANGE_CONCRETE;
ORANGE_CONCRETE;
ORANGE_CONCRETE;
ORANGE_CONCRETE;
RED_CONCRETE;
RED_CONCRETE;
RED_CONCRETE;
RED_CONCRETE;
RED_CONCRETE;
RED_CONCRETE;
RED_CONCRETE;
RED_CONCRETE;
RED_CONCRETE;
RED_CONCRETE;
RED_CONCRETE;
RED_CONCRETE;
RED_CONCRETE;
RED_CONCRETE;
RED_CONCRETE;
RED_CONCRETE;
RED_CONCRETE;
RED_CONCRETE;
RED_CONCRETE;
RED_CONCRETE;
RED_CONCRETE;
RED_CONCRETE;
RED_CONCRETE;
ORANGE_CONCRETE;
RED_CONCRETE;
RED_CONCRETE;
RED_CONCRETE;
RED_CONCRETE;
RED_CONCRETE;
ORANGE_CONCRETE;
ORANGE_CONCRETE;
ORANGE_CONCRETE;
ORANGE_CONCRETE;
ORANGE_CONCRETE;
ORANGE_CONCRETE;
ORANGE_CONCRETE;
ORANGE_CONCRETE;
ORANGE_CONCRETE;
ORANGE_CONCRETE;
ORANGE_CONCRETE;
ORANGE_CONCRETE;
ORANGE_CONCRETE;
ORANGE_CONCRETE;
ORANGE_CONCRETE;
ORANGE_CONCRETE;
ORANGE_CONCRETE;
ORANGE_CONCRETE;
ORANGE_CONCRETE;
ORANGE_CONCRETE;
ORANGE_CONCRETE;
RED_CONCRETE;
RED_CONCRETE;
RED_CONCRETE;
RED_CONCRETE;
RED_CONCRETE;
RED_CONCRETE;
RED_CONCRETE;
RED_CONCRETE;
RED_CONCRETE;
RED_CONCRETE;
RED_CONCRETE;
RED_CONCRETE;
RED_CONCRETE;
RED_CONCRETE;
RED_CONCRETE;
RED_CONCRETE;
ORANGE_CONCRETE;
RED_CONCRETE;
RED_CONCRETE;
RED_CONCRETE;
RED_CONCRETE;
RED_CONCRETE;
ORANGE_CONCRETE;
ORANGE_CONCRETE;
RED_CONCRETE;
RED_CONCRETE;
RED_CONCRETE;
RED_CONCRETE;
RED_CONCRETE;
ORANGE_CONCRETE;
ORANGE_CONCRETE;
ORANGE_CONCRETE;
ORANGE_CONCRETE;
ORANGE_CONCRETE;
ORANGE_CONCRETE;
ORANGE_CONCRETE;
ORANGE_CONCRETE;
ORANGE_CONCRETE;
ORANGE_CONCRETE;
ORANGE_CONCRETE;
ORANGE_CONCRETE;
ORANGE_CONCRETE;
ORANGE_CONCRETE;
ORANGE_CONCRETE;
ORANGE_CONCRETE;
ORANGE_CONCRETE;
ORANGE_CONCRETE;
ORANGE_CONCRETE;
ORANGE_CONCRETE;
ORANGE_CONCRETE;
RED_CONCRETE;
RED_CONCRETE;
RED_CONCRETE;
RED_CONCRETE;
RED_CONCRETE;
RED_CONCRETE;
RED_CONCRETE;
RED_CONCRETE;
RED_CONCRETE;
RED_CONCRETE;
RED_CONCRETE;
RED_CONCRETE;
RED_CONCRETE;
RED_CONCRETE;
RED_CONCRETE;
RED_CONCRETE;
RED_CONCRETE;
RED_CONCRETE;
RED_CONCRETE;
RED_CONCRETE;
RED_CONCRETE;
RED_CONCRETE;
RED_CONCRETE;
RED_CONCRETE;
RED_CONCRETE;
RED_CONCRETE;
RED_CONCRETE;
RED_CONCRETE;
RED_CONCRETE;
ORANGE_CONCRETE;
ORANGE_CONCRETE;
ORANGE_CONCRETE;
ORANGE_CONCRETE;
ORANGE_CONCRETE;
ORANGE_CONCRETE;
ORANGE_CONCRETE;
ORANGE_CONCRETE;
ORANGE_CONCRETE;
ORANGE_CONCRETE;
ORANGE_CONCRETE;
ORANGE_CONCRETE;
ORANGE_CONCRETE;
ORANGE_CONCRETE;
ORANGE_CONCRETE;
ORANGE_CONCRETE;
ORANGE_CONCRETE;
ORANGE_CONCRETE;
ORANGE_CONCRETE;
RED_CONCRETE;
RED_CONCRETE;
RED_CONCRETE;
RED_CONCRETE;
RED_CONCRETE;
RED_CONCRETE;
RED_CONCRETE;
RED_CONCRETE;
RED_CONCRETE;
ORANGE_CONCRETE;
RED_CONCRETE;
RED_CONCRETE;
RED_CONCRETE;
RED_CONCRETE;
RED_CONCRETE;
RED_CONCRETE;
RED_CONCRETE;
RED_CONCRETE;
RED_CONCRETE;
RED_CONCRETE;
RED_CONCRETE;
RED_CONCRETE;
RED_CONCRETE;
RED_CONCRETE;
RED_CONCRETE;
ORANGE_CONCRETE;
ORANGE_CONCRETE;
ORANGE_CONCRETE;
RED_CONCRETE;
RED_CONCRETE;
RED_CONCRETE;
ORANGE_CONCRETE;
ORANGE_CONCRETE;
ORANGE_CONCRETE;
ORANGE_CONCRETE;
ORANGE_CONCRETE;
ORANGE_CONCRETE;
ORANGE_CONCRETE;
ORANGE_CONCRETE;
ORANGE_CONCRETE;
ORANGE_CONCRETE;
ORANGE_CONCRETE;
ORANGE_CONCRETE;
ORANGE_CONCRETE;
ORANGE_CONCRETE;
ORANGE_CONCRETE;
RED_CONCRETE;
RED_CONCRETE;
RED_CONCRETE;
RED_CONCRETE;
RED_CONCRETE;
RED_CONCRETE;
RED_CONCRETE;
RED_CONCRETE;
RED_CONCRETE;
RED_CONCRETE;
RED_CONCRETE;
RED_CONCRETE;
RED_CONCRETE;
RED_CONCRETE;
RED_CONCRETE;
RED_CONCRETE;
RED_CONCRETE;
RED_CONCRETE;
RED_CONCRETE;
RED_CONCRETE;
RED_CONCRETE;
RED_CONCRETE;
RED_CONCRETE;
RED_CONCRETE;
RED_CONCRETE;
RED_CONCRETE;
RED_CONCRETE;
RED_CONCRETE;
ORANGE_CONCRETE;
ORANGE_CONCRETE;
RED_CONCRETE;
RED_CONCRETE;
RED_CONCRETE;
RED_CONCRETE;
RED_CONCRETE;
ORANGE_CONCRETE;
ORANGE_CONCRETE;
ORANGE_CONCRETE;
ORANGE_CONCRETE;
ORANGE_CONCRETE;
ORANGE_CONCRETE;
ORANGE_CONCRETE;
ORANGE_CONCRETE;
ORANGE_CONCRETE;
ORANGE_CONCRETE;
ORANGE_CONCRETE;
ORANGE_CONCRETE;
ORANGE_CONCRETE;
ORANGE_CONCRETE;
RED_CONCRETE;
RED_CONCRETE;
RED_CONCRETE;
RED_CONCRETE;
RED_CONCRETE;
RED_CONCRETE;
RED_CONCRETE;
RED_CONCRETE;
RED_CONCRETE;
RED_CONCRETE;
RED_CONCRETE;
RED_CONCRETE;
RED_CONCRETE;
RED_CONCRETE;
RED_CONCRETE;
RED_CONCRETE;
RED_CONCRETE;
RED_CONCRETE;
RED_CONCRETE;
RED_CONCRETE;
RED_CONCRETE;
RED_CONCRETE;
RED_CONCRETE;
RED_CONCRETE;
RED_CONCRETE;
RED_CONCRETE;
RED_CONCRETE;
RED_CONCRETE;
RED_CONCRETE;
ORANGE_CONCRETE;
ORANGE_CONCRETE;
ORANGE_CONCRETE;
ORANGE_CONCRETE;
ORANGE_CONCRETE;
ORANGE_CONCRETE;
RED_CONCRETE;
ORANGE_CONCRETE;
ORANGE_CONCRETE;
ORANGE_CONCRETE;
ORANGE_CONCRETE;
ORANGE_CONCRETE;
ORANGE_CONCRETE;
ORANGE_CONCRETE;
ORANGE_CONCRETE;
ORANGE_CONCRETE;
ORANGE_CONCRETE;
ORANGE_CONCRETE;
ORANGE_CONCRETE;
RED_CONCRETE;
RED_CONCRETE;
RED_CONCRETE;
RED_CONCRETE;
RED_CONCRETE;
RED_CONCRETE;
RED_CONCRETE;
RED_CONCRETE;
RED_CONCRETE;
RED_CONCRETE;
RED_CONCRETE;
RED_CONCRETE;
RED_CONCRETE;
RED_CONCRETE;
RED_CONCRETE;
RED_CONCRETE;
BLACK_CONCRETE;
RED_CONCRETE;
RED_CONCRETE;
RED_CONCRETE;
RED_CONCRETE;
RED_CONCRETE;
RED_CONCRETE;
RED_CONCRETE;
RED_CONCRETE;
RED_CONCRETE;
RED_CONCRETE;
RED_CONCRETE;
RED_CONCRETE;
RED_CONCRETE;
RED_CONCRETE;
ORANGE_CONCRETE;
ORANGE_CONCRETE;
ORANGE_CONCRETE;
ORANGE_CONCRETE;
ORANGE_CONCRETE;
ORANGE_CONCRETE;
RED_CONCRETE;
ORANGE_CONCRETE;
ORANGE_CONCRETE;
ORANGE_CONCRETE;
ORANGE_CONCRETE;
ORANGE_CONCRETE;
ORANGE_CONCRETE;
ORANGE_CONCRETE;
ORANGE_CONCRETE;
ORANGE_CONCRETE;
ORANGE_CONCRETE;
ORANGE_CONCRETE;
ORANGE_CONCRETE;
ORANGE_CONCRETE;
ORANGE_CONCRETE;
RED_CONCRETE;
RED_CONCRETE;
RED_CONCRETE;
RED_CONCRETE;
RED_CONCRETE;
RED_CONCRETE;
RED_CONCRETE;
RED_CONCRETE;
RED_CONCRETE;
RED_CONCRETE;
RED_CONCRETE;
RED_CONCRETE;
RED_CONCRETE;
RED_CONCRETE;
RED_CONCRETE;
RED_CONCRETE;
RED_CONCRETE;
RED_CONCRETE;
RED_CONCRETE;
RED_CONCRETE;
RED_CONCRETE;
RED_CONCRETE;
RED_CONCRETE;
RED_CONCRETE;
RED_CONCRETE;
RED_CONCRETE;
RED_CONCRETE;
RED_CONCRETE;
RED_CONCRETE;
ORANGE_CONCRETE;
ORANGE_CONCRETE;
ORANGE_CONCRETE;
ORANGE_CONCRETE;
ORANGE_CONCRETE;
ORANGE_CONCRETE;
RED_CONCRETE;
ORANGE_CONCRETE;
ORANGE_CONCRETE;
ORANGE_CONCRETE;
ORANGE_CONCRETE;
ORANGE_CONCRETE;
ORANGE_CONCRETE;
ORANGE_CONCRETE;
ORANGE_CONCRETE;
ORANGE_CONCRETE;
ORANGE_CONCRETE;
ORANGE_CONCRETE;
ORANGE_CONCRETE;
RED_CONCRETE;
RED_CONCRETE;
RED_CONCRETE;
RED_CONCRETE;
RED_CONCRETE;
RED_CONCRETE;
RED_CONCRETE;
RED_CONCRETE;
RED_CONCRETE;
RED_CONCRETE;
RED_CONCRETE;
RED_CONCRETE;
RED_CONCRETE;
RED_CONCRETE;
RED_CONCRETE;
ORANGE_CONCRETE;
RED_CONCRETE;
RED_CONCRETE;
RED_CONCRETE;
RED_CONCRETE;
RED_CONCRETE;
RED_CONCRETE;
RED_CONCRETE;
RED_CONCRETE;
RED_CONCRETE;
RED_CONCRETE;
RED_CONCRETE;
RED_CONCRETE;
RED_CONCRETE;
RED_CONCRETE;
RED_CONCRETE;
ORANGE_CONCRETE;
ORANGE_CONCRETE;
ORANGE_CONCRETE;
ORANGE_CONCRETE;
ORANGE_CONCRETE;
ORANGE_CONCRETE;
RED_CONCRETE;
ORANGE_CONCRETE;
ORANGE_CONCRETE;
ORANGE_CONCRETE;
ORANGE_CONCRETE;
ORANGE_CONCRETE;
ORANGE_CONCRETE;
ORANGE_CONCRETE;
ORANGE_CONCRETE;
ORANGE_CONCRETE;
ORANGE_CONCRETE;
ORANGE_CONCRETE;
ORANGE_CONCRETE;
RED_CONCRETE;
RED_CONCRETE;
RED_CONCRETE;
RED_CONCRETE;
RED_CONCRETE;
RED_CONCRETE;
RED_CONCRETE;
RED_CONCRETE;
RED_CONCRETE;
RED_CONCRETE;
RED_CONCRETE;
ORANGE_CONCRETE;
ORANGE_CONCRETE;
ORANGE_CONCRETE;
RED_CONCRETE;
ORANGE_CONCRETE;
RED_CONCRETE;
RED_CONCRETE;
RED_CONCRETE;
RED_CONCRETE;
RED_CONCRETE;
RED_CONCRETE;
RED_CONCRETE;
RED_CONCRETE;
RED_CONCRETE;
RED_CONCRETE;
RED_CONCRETE;
RED_CONCRETE;
RED_CONCRETE;
RED_CONCRETE;
RED_CONCRETE;
ORANGE_CONCRETE;
ORANGE_CONCRETE;
ORANGE_CONCRETE;
ORANGE_CONCRETE;
ORANGE_CONCRETE;
ORANGE_CONCRETE;
RED_CONCRETE;
ORANGE_CONCRETE;
ORANGE_CONCRETE;
ORANGE_CONCRETE;
RED_CONCRETE;
RED_CONCRETE;
RED_CONCRETE;
ORANGE_CONCRETE;
ORANGE_CONCRETE;
ORANGE_CONCRETE;
ORANGE_CONCRETE;
ORANGE_CONCRETE;
RED_CONCRETE;
RED_CONCRETE;
RED_CONCRETE;
RED_CONCRETE;
RED_CONCRETE;
RED_CONCRETE;
RED_CONCRETE;
RED_CONCRETE;
RED_CONCRETE;
RED_CONCRETE;
RED_CONCRETE;
RED_CONCRETE;
RED_CONCRETE;
RED_CONCRETE;
ORANGE_CONCRETE;
ORANGE_CONCRETE;
ORANGE_CONCRETE;
RED_CONCRETE;
RED_CONCRETE;
RED_CONCRETE;
RED_CONCRETE;
RED_CONCRETE;
RED_CONCRETE;
RED_CONCRETE;
RED_CONCRETE;
RED_CONCRETE;
RED_CONCRETE;
RED_CONCRETE;
RED_CONCRETE;
RED_CONCRETE;
RED_CONCRETE;
RED_CONCRETE;
ORANGE_CONCRETE;
ORANGE_CONCRETE;
ORANGE_CONCRETE;
ORANGE_CONCRETE;
ORANGE_CONCRETE;
ORANGE_CONCRETE;
RED_CONCRETE;
ORANGE_CONCRETE;
ORANGE_CONCRETE;
ORANGE_CONCRETE;
ORANGE_CONCRETE;
RED_CONCRETE;
RED_CONCRETE;
RED_CONCRETE;
ORANGE_CONCRETE;
ORANGE_CONCRETE;
ORANGE_CONCRETE;
ORANGE_CONCRETE;
RED_CONCRETE;
RED_CONCRETE;
RED_CONCRETE;
RED_CONCRETE;
RED_CONCRETE;
RED_CONCRETE;
RED_CONCRETE;
RED_CONCRETE;
RED_CONCRETE;
RED_CONCRETE;
ORANGE_CONCRETE;
ORANGE_CONCRETE;
ORANGE_CONCRETE;
BLACK_CONCRETE;
BLACK_CONCRETE;
BLACK_CONCRETE;
ORANGE_CONCRETE;
ORANGE_CONCRETE;
ORANGE_CONCRETE;
ORANGE_CONCRETE;
RED_CONCRETE;
RED_CONCRETE;
RED_CONCRETE;
RED_CONCRETE;
RED_CONCRETE;
RED_CONCRETE;
RED_CONCRETE;
RED_CONCRETE;
RED_CONCRETE;
RED_CONCRETE;
RED_CONCRETE;
RED_CONCRETE;
ORANGE_CONCRETE;
ORANGE_CONCRETE;
ORANGE_CONCRETE;
ORANGE_CONCRETE;
ORANGE_CONCRETE;
ORANGE_CONCRETE;
RED_CONCRETE;
ORANGE_CONCRETE;
ORANGE_CONCRETE;
RED_CONCRETE;
RED_CONCRETE;
RED_CONCRETE;
RED_CONCRETE;
RED_CONCRETE;
ORANGE_CONCRETE;
ORANGE_CONCRETE;
ORANGE_CONCRETE;
ORANGE_CONCRETE;
RED_CONCRETE;
RED_CONCRETE;
RED_CONCRETE;
RED_CONCRETE;
RED_CONCRETE;
RED_CONCRETE;
RED_CONCRETE;
RED_CONCRETE;
RED_CONCRETE;
RED_CONCRETE;
RED_CONCRETE;
ORANGE_CONCRETE;
BLACK_CONCRETE;
ORANGE_CONCRETE;
ORANGE_CONCRETE;
BLACK_CONCRETE;
ORANGE_CONCRETE;
ORANGE_CONCRETE;
ORANGE_CONCRETE;
RED_CONCRETE;
RED_CONCRETE;
RED_CONCRETE;
RED_CONCRETE;
RED_CONCRETE;
RED_CONCRETE;
RED_CONCRETE;
RED_CONCRETE;
RED_CONCRETE;
RED_CONCRETE;
RED_CONCRETE;
ORANGE_CONCRETE;
ORANGE_CONCRETE;
ORANGE_CONCRETE;
ORANGE_CONCRETE;
ORANGE_CONCRETE;
ORANGE_CONCRETE;
ORANGE_CONCRETE;
ORANGE_CONCRETE;
RED_CONCRETE;
ORANGE_CONCRETE;
ORANGE_CONCRETE;
RED_CONCRETE;
RED_CONCRETE;
ORANGE_CONCRETE;
ORANGE_CONCRETE;
RED_CONCRETE;
ORANGE_CONCRETE;
ORANGE_CONCRETE;
ORANGE_CONCRETE;
ORANGE_CONCRETE;
RED_CONCRETE;
RED_CONCRETE;
RED_CONCRETE;
RED_CONCRETE;
RED_CONCRETE;
RED_CONCRETE;
RED_CONCRETE;
RED_CONCRETE;
RED_CONCRETE;
ORANGE_CONCRETE;
ORANGE_CONCRETE;
ORANGE_CONCRETE;
BLACK_CONCRETE;
BLACK_CONCRETE;
BLACK_CONCRETE;
BLACK_CONCRETE;
ORANGE_CONCRETE;
ORANGE_CONCRETE;
BLACK_CONCRETE;
BLACK_CONCRETE;
RED_CONCRETE;
RED_CONCRETE;
RED_CONCRETE;
RED_CONCRETE;
RED_CONCRETE;
RED_CONCRETE;
RED_CONCRETE;
RED_CONCRETE;
RED_CONCRETE;
RED_CONCRETE;
ORANGE_CONCRETE;
ORANGE_CONCRETE;
ORANGE_CONCRETE;
ORANGE_CONCRETE;
ORANGE_CONCRETE;
ORANGE_CONCRETE;
ORANGE_CONCRETE;
ORANGE_CONCRETE;
RED_CONCRETE;
ORANGE_CONCRETE;
ORANGE_CONCRETE;
ORANGE_CONCRETE;
ORANGE_CONCRETE;
ORANGE_CONCRETE;
ORANGE_CONCRETE;
RED_CONCRETE;
ORANGE_CONCRETE;
RED_CONCRETE;
RED_CONCRETE;
RED_CONCRETE;
RED_CONCRETE;
RED_CONCRETE;
RED_CONCRETE;
RED_CONCRETE;
RED_CONCRETE;
RED_CONCRETE;
RED_CONCRETE;
RED_CONCRETE;
RED_CONCRETE;
RED_CONCRETE;
ORANGE_CONCRETE;
ORANGE_CONCRETE;
BLACK_CONCRETE;
BLACK_CONCRETE;
BLACK_CONCRETE;
BLACK_CONCRETE;
BLACK_CONCRETE;
BLACK_CONCRETE;
ORANGE_CONCRETE;
RED_CONCRETE;
BLACK_CONCRETE;
RED_CONCRETE;
RED_CONCRETE;
RED_CONCRETE;
RED_CONCRETE;
RED_CONCRETE;
RED_CONCRETE;
RED_CONCRETE;
RED_CONCRETE;
RED_CONCRETE;
ORANGE_CONCRETE;
ORANGE_CONCRETE;
ORANGE_CONCRETE;
ORANGE_CONCRETE;
ORANGE_CONCRETE;
ORANGE_CONCRETE;
ORANGE_CONCRETE;
ORANGE_CONCRETE;
RED_CONCRETE;
ORANGE_CONCRETE;
ORANGE_CONCRETE;
ORANGE_CONCRETE;
ORANGE_CONCRETE;
ORANGE_CONCRETE;
ORANGE_CONCRETE;
ORANGE_CONCRETE;
ORANGE_CONCRETE;
ORANGE_CONCRETE;
ORANGE_CONCRETE;
RED_CONCRETE;
RED_CONCRETE;
RED_CONCRETE;
RED_CONCRETE;
RED_CONCRETE;
RED_CONCRETE;
RED_CONCRETE;
RED_CONCRETE;
RED_CONCRETE;
RED_CONCRETE;
ORANGE_CONCRETE;
ORANGE_CONCRETE;
ORANGE_CONCRETE;
BLACK_CONCRETE;
BLACK_CONCRETE;
BLACK_CONCRETE;
BLACK_CONCRETE;
BLACK_CONCRETE;
ORANGE_CONCRETE;
ORANGE_CONCRETE;
RED_CONCRETE;
RED_CONCRETE;
RED_CONCRETE;
RED_CONCRETE;
RED_CONCRETE;
RED_CONCRETE;
RED_CONCRETE;
RED_CONCRETE;
RED_CONCRETE;
ORANGE_CONCRETE;
RED_CONCRETE;
ORANGE_CONCRETE;
ORANGE_CONCRETE;
ORANGE_CONCRETE;
ORANGE_CONCRETE;
ORANGE_CONCRETE;
ORANGE_CONCRETE;
ORANGE_CONCRETE;
ORANGE_CONCRETE;
RED_CONCRETE;
ORANGE_CONCRETE;
ORANGE_CONCRETE;
ORANGE_CONCRETE;
ORANGE_CONCRETE;
RED_CONCRETE;
RED_CONCRETE;
ORANGE_CONCRETE;
ORANGE_CONCRETE;
ORANGE_CONCRETE;
ORANGE_CONCRETE;
ORANGE_CONCRETE;
RED_CONCRETE;
RED_CONCRETE;
RED_CONCRETE;
RED_CONCRETE;
RED_CONCRETE;
RED_CONCRETE;
RED_CONCRETE;
RED_CONCRETE;
RED_CONCRETE;
ORANGE_CONCRETE;
ORANGE_CONCRETE;
ORANGE_CONCRETE;
BLACK_CONCRETE;
BLACK_CONCRETE;
BLACK_CONCRETE;
BLACK_CONCRETE;
BLACK_CONCRETE;
ORANGE_CONCRETE;
BLACK_CONCRETE;
RED_CONCRETE;
RED_CONCRETE;
RED_CONCRETE;
RED_CONCRETE;
RED_CONCRETE;
RED_CONCRETE;
RED_CONCRETE;
RED_CONCRETE;
RED_CONCRETE;
RED_CONCRETE;
ORANGE_CONCRETE;
ORANGE_CONCRETE;
ORANGE_CONCRETE;
ORANGE_CONCRETE;
ORANGE_CONCRETE;
ORANGE_CONCRETE;
ORANGE_CONCRETE;
ORANGE_CONCRETE;
ORANGE_CONCRETE;
RED_CONCRETE;
ORANGE_CONCRETE;
ORANGE_CONCRETE;
ORANGE_CONCRETE;
ORANGE_CONCRETE;
RED_CONCRETE;
RED_CONCRETE;
ORANGE_CONCRETE;
ORANGE_CONCRETE;
ORANGE_CONCRETE;
ORANGE_CONCRETE;
ORANGE_CONCRETE;
RED_CONCRETE;
RED_CONCRETE;
RED_CONCRETE;
RED_CONCRETE;
RED_CONCRETE;
RED_CONCRETE;
RED_CONCRETE;
ORANGE_CONCRETE;
ORANGE_CONCRETE;
ORANGE_CONCRETE;
ORANGE_CONCRETE;
ORANGE_CONCRETE;
BLACK_CONCRETE;
BLACK_CONCRETE;
BLACK_CONCRETE;
BLACK_CONCRETE;
BLACK_CONCRETE;
ORANGE_CONCRETE;
ORANGE_CONCRETE;
RED_CONCRETE;
RED_CONCRETE;
RED_CONCRETE;
RED_CONCRETE;
RED_CONCRETE;
RED_CONCRETE;
RED_CONCRETE;
RED_CONCRETE;
RED_CONCRETE;
ORANGE_CONCRETE;
ORANGE_CONCRETE;
ORANGE_CONCRETE;
ORANGE_CONCRETE;
ORANGE_CONCRETE;
ORANGE_CONCRETE;
ORANGE_CONCRETE;
ORANGE_CONCRETE;
ORANGE_CONCRETE;
ORANGE_CONCRETE;
RED_CONCRETE;
ORANGE_CONCRETE;
ORANGE_CONCRETE;
ORANGE_CONCRETE;
ORANGE_CONCRETE;
ORANGE_CONCRETE;
ORANGE_CONCRETE;
ORANGE_CONCRETE;
ORANGE_CONCRETE;
ORANGE_CONCRETE;
ORANGE_CONCRETE;
ORANGE_CONCRETE;
RED_CONCRETE;
RED_CONCRETE;
RED_CONCRETE;
RED_CONCRETE;
RED_CONCRETE;
RED_CONCRETE;
RED_CONCRETE;
RED_CONCRETE;
RED_CONCRETE;
ORANGE_CONCRETE;
ORANGE_CONCRETE;
ORANGE_CONCRETE;
BLACK_CONCRETE;
BLACK_CONCRETE;
BLACK_CONCRETE;
BLACK_CONCRETE;
ORANGE_CONCRETE;
ORANGE_CONCRETE;
ORANGE_CONCRETE;
RED_CONCRETE;
RED_CONCRETE;
RED_CONCRETE;
RED_CONCRETE;
RED_CONCRETE;
RED_CONCRETE;
RED_CONCRETE;
RED_CONCRETE;
RED_CONCRETE;
RED_CONCRETE;
ORANGE_CONCRETE;
ORANGE_CONCRETE;
ORANGE_CONCRETE;
ORANGE_CONCRETE;
ORANGE_CONCRETE;
ORANGE_CONCRETE;
ORANGE_CONCRETE;
ORANGE_CONCRETE;
ORANGE_CONCRETE;
RED_CONCRETE;
ORANGE_CONCRETE;
ORANGE_CONCRETE;
ORANGE_CONCRETE;
ORANGE_CONCRETE;
ORANGE_CONCRETE;
ORANGE_CONCRETE;
ORANGE_CONCRETE;
ORANGE_CONCRETE;
ORANGE_CONCRETE;
ORANGE_CONCRETE;
ORANGE_CONCRETE;
RED_CONCRETE;
RED_CONCRETE;
RED_CONCRETE;
RED_CONCRETE;
RED_CONCRETE;
RED_CONCRETE;
RED_CONCRETE;
ORANGE_CONCRETE;
ORANGE_CONCRETE;
ORANGE_CONCRETE;
ORANGE_CONCRETE;
ORANGE_CONCRETE;
BLACK_CONCRETE;
BLACK_CONCRETE;
BLACK_CONCRETE;
BLACK_CONCRETE;
BLACK_CONCRETE;
BLACK_CONCRETE;
ORANGE_CONCRETE;
RED_CONCRETE;
RED_CONCRETE;
RED_CONCRETE;
RED_CONCRETE;
RED_CONCRETE;
RED_CONCRETE;
RED_CONCRETE;
RED_CONCRETE;
RED_CONCRETE;
RED_CONCRETE;
RED_CONCRETE;
ORANGE_CONCRETE;
ORANGE_CONCRETE;
ORANGE_CONCRETE;
ORANGE_CONCRETE;
ORANGE_CONCRETE;
RED_CONCRETE;
RED_CONCRETE;
ORANGE_CONCRETE;
RED_CONCRETE;
ORANGE_CONCRETE;
ORANGE_CONCRETE;
ORANGE_CONCRETE;
ORANGE_CONCRETE;
ORANGE_CONCRETE;
RED_CONCRETE;
ORANGE_CONCRETE;
ORANGE_CONCRETE;
ORANGE_CONCRETE;
ORANGE_CONCRETE;
ORANGE_CONCRETE;
RED_CONCRETE;
RED_CONCRETE;
RED_CONCRETE;
RED_CONCRETE;
RED_CONCRETE;
RED_CONCRETE;
ORANGE_CONCRETE;
ORANGE_CONCRETE;
ORANGE_CONCRETE;
ORANGE_CONCRETE;
ORANGE_CONCRETE;
ORANGE_CONCRETE;
ORANGE_CONCRETE;
BLACK_CONCRETE;
BLACK_CONCRETE;
BLACK_CONCRETE;
BLACK_CONCRETE;
RED_CONCRETE;
BLACK_CONCRETE;
RED_CONCRETE;
RED_CONCRETE;
RED_CONCRETE;
RED_CONCRETE;
RED_CONCRETE;
RED_CONCRETE;
RED_CONCRETE;
RED_CONCRETE;
RED_CONCRETE;
RED_CONCRETE;
RED_CONCRETE;
RED_CONCRETE;
RED_CONCRETE;
RED_CONCRETE;
RED_CONCRETE;
RED_CONCRETE;
RED_CONCRETE;
RED_CONCRETE;
RED_CONCRETE;
RED_CONCRETE;
ORANGE_CONCRETE;
ORANGE_CONCRETE;
ORANGE_CONCRETE;
ORANGE_CONCRETE;
ORANGE_CONCRETE;
ORANGE_CONCRETE;
ORANGE_CONCRETE;
ORANGE_CONCRETE;
ORANGE_CONCRETE;
ORANGE_CONCRETE;
ORANGE_CONCRETE;
RED_CONCRETE;
RED_CONCRETE;
RED_CONCRETE;
RED_CONCRETE;
RED_CONCRETE;
ORANGE_CONCRETE;
ORANGE_CONCRETE;
ORANGE_CONCRETE;
ORANGE_CONCRETE;
ORANGE_CONCRETE;
ORANGE_CONCRETE;
ORANGE_CONCRETE;
BLACK_CONCRETE;
ORANGE_CONCRETE;
GRAY_CONCRETE;
BLACK_CONCRETE;
BLACK_CONCRETE;
BLACK_CONCRETE;
BLACK_CONCRETE;
RED_CONCRETE;
RED_CONCRETE;
RED_CONCRETE;
RED_CONCRETE;
RED_CONCRETE;
RED_CONCRETE;
RED_CONCRETE;
RED_CONCRETE;
RED_CONCRETE;
RED_CONCRETE;
RED_CONCRETE;
RED_CONCRETE;
RED_CONCRETE;
RED_CONCRETE;
RED_CONCRETE;
RED_CONCRETE;
RED_CONCRETE;
RED_CONCRETE;
RED_CONCRETE;
RED_CONCRETE;
ORANGE_CONCRETE;
ORANGE_CONCRETE;
ORANGE_CONCRETE;
ORANGE_CONCRETE;
ORANGE_CONCRETE;
ORANGE_CONCRETE;
ORANGE_CONCRETE;
ORANGE_CONCRETE;
ORANGE_CONCRETE;
ORANGE_CONCRETE;
RED_CONCRETE;
RED_CONCRETE;
RED_CONCRETE;
RED_CONCRETE;
RED_CONCRETE;
RED_CONCRETE;
RED_CONCRETE;
RED_CONCRETE;
RED_CONCRETE;
ORANGE_CONCRETE;
ORANGE_CONCRETE;
ORANGE_CONCRETE;
ORANGE_CONCRETE;
BLACK_CONCRETE;
ORANGE_CONCRETE;
GRAY_CONCRETE;
BLACK_CONCRETE;
BLACK_CONCRETE;
BLACK_CONCRETE;
RED_CONCRETE;
RED_CONCRETE;
RED_CONCRETE;
RED_CONCRETE;
RED_CONCRETE;
RED_CONCRETE;
RED_CONCRETE;
RED_CONCRETE;
RED_CONCRETE;
RED_CONCRETE;
RED_CONCRETE;
RED_CONCRETE;
RED_CONCRETE;
RED_CONCRETE;
RED_CONCRETE;
RED_CONCRETE;
RED_CONCRETE;
RED_CONCRETE;
RED_CONCRETE;
RED_CONCRETE;
RED_CONCRETE;
ORANGE_CONCRETE;
ORANGE_CONCRETE;
ORANGE_CONCRETE;
ORANGE_CONCRETE;
ORANGE_CONCRETE;
ORANGE_CONCRETE;
ORANGE_CONCRETE;
ORANGE_CONCRETE;
ORANGE_CONCRETE;
ORANGE_CONCRETE;
ORANGE_CONCRETE;
RED_CONCRETE;
RED_CONCRETE;
RED_CONCRETE;
RED_CONCRETE;
RED_CONCRETE;
RED_CONCRETE;
RED_CONCRETE;
RED_CONCRETE;
ORANGE_CONCRETE;
ORANGE_CONCRETE;
ORANGE_CONCRETE;
ORANGE_CONCRETE;
ORANGE_CONCRETE;
BLACK_CONCRETE;
ORANGE_CONCRETE;
RED_CONCRETE;
BLACK_CONCRETE;
GRAY_CONCRETE;
WHITE_CONCRETE;
ORANGE_CONCRETE;
BLACK_CONCRETE;
RED_CONCRETE;
RED_CONCRETE;
RED_CONCRETE;
RED_CONCRETE;
RED_CONCRETE;
RED_CONCRETE;
RED_CONCRETE;
RED_CONCRETE;
RED_CONCRETE;
RED_CONCRETE;
RED_CONCRETE;
RED_CONCRETE;
RED_CONCRETE;
RED_CONCRETE;
RED_CONCRETE;
RED_CONCRETE;
RED_CONCRETE;
RED_CONCRETE;
ORANGE_CONCRETE;
ORANGE_CONCRETE;
ORANGE_CONCRETE;
ORANGE_CONCRETE;
ORANGE_CONCRETE;
ORANGE_CONCRETE;
ORANGE_CONCRETE;
ORANGE_CONCRETE;
ORANGE_CONCRETE;
RED_CONCRETE;
RED_CONCRETE;
ORANGE_CONCRETE;
RED_CONCRETE;
RED_CONCRETE;
RED_CONCRETE;
RED_CONCRETE;
RED_CONCRETE;
RED_CONCRETE;
RED_CONCRETE;
ORANGE_CONCRETE;
ORANGE_CONCRETE;
ORANGE_CONCRETE;
ORANGE_CONCRETE;
ORANGE_CONCRETE;
BLACK_CONCRETE;
RED_CONCRETE;
ORANGE_CONCRETE;
ORANGE_CONCRETE;
ORANGE_CONCRETE;
ORANGE_CONCRETE;
ORANGE_CONCRETE;
ORANGE_CONCRETE;
ORANGE_CONCRETE;
RED_CONCRETE;
RED_CONCRETE;
RED_CONCRETE;
RED_CONCRETE;
RED_CONCRETE;
RED_CONCRETE;
RED_CONCRETE;
RED_CONCRETE;
RED_CONCRETE;
RED_CONCRETE;
RED_CONCRETE;
RED_CONCRETE;
RED_CONCRETE;
RED_CONCRETE;
RED_CONCRETE;
RED_CONCRETE;
RED_CONCRETE;
ORANGE_CONCRETE;
ORANGE_CONCRETE;
ORANGE_CONCRETE;
ORANGE_CONCRETE;
ORANGE_CONCRETE;
ORANGE_CONCRETE;
ORANGE_CONCRETE;
ORANGE_CONCRETE;
ORANGE_CONCRETE;
RED_CONCRETE;
RED_CONCRETE;
RED_CONCRETE;
RED_CONCRETE;
RED_CONCRETE;
RED_CONCRETE;
RED_CONCRETE;
RED_CONCRETE;
RED_CONCRETE;
RED_CONCRETE;
ORANGE_CONCRETE;
ORANGE_CONCRETE;
ORANGE_CONCRETE;
ORANGE_CONCRETE;
ORANGE_CONCRETE;
BLACK_CONCRETE;
BLACK_CONCRETE;
RED_CONCRETE;
GRAY_CONCRETE;
WHITE_CONCRETE;
GRAY_CONCRETE;
ORANGE_CONCRETE;
ORANGE_CONCRETE;
ORANGE_CONCRETE;
ORANGE_CONCRETE;
RED_CONCRETE;
RED_CONCRETE;
RED_CONCRETE;
RED_CONCRETE;
RED_CONCRETE;
RED_CONCRETE;
RED_CONCRETE;
RED_CONCRETE;
RED_CONCRETE;
RED_CONCRETE;
RED_CONCRETE;
RED_CONCRETE;
RED_CONCRETE;
RED_CONCRETE;
RED_CONCRETE;
RED_CONCRETE;
RED_CONCRETE;
RED_CONCRETE;
ORANGE_CONCRETE;
RED_CONCRETE;
RED_CONCRETE;
ORANGE_CONCRETE;
ORANGE_CONCRETE;
RED_CONCRETE;
ORANGE_CONCRETE;
ORANGE_CONCRETE;
RED_CONCRETE;
RED_CONCRETE;
RED_CONCRETE;
RED_CONCRETE;
RED_CONCRETE;
RED_CONCRETE;
RED_CONCRETE;
RED_CONCRETE;
RED_CONCRETE;
RED_CONCRETE;
RED_CONCRETE;
ORANGE_CONCRETE;
ORANGE_CONCRETE;
RED_CONCRETE;
RED_CONCRETE;
RED_CONCRETE;
RED_CONCRETE;
GRAY_CONCRETE;
WHITE_CONCRETE;
WHITE_CONCRETE;
WHITE_CONCRETE;
ORANGE_CONCRETE;
ORANGE_CONCRETE;
ORANGE_CONCRETE;
RED_CONCRETE;
RED_CONCRETE;
RED_CONCRETE;
RED_CONCRETE;
RED_CONCRETE;
RED_CONCRETE;
RED_CONCRETE;
RED_CONCRETE;
RED_CONCRETE;
RED_CONCRETE;
RED_CONCRETE;
RED_CONCRETE;
RED_CONCRETE;
RED_CONCRETE;
RED_CONCRETE;
RED_CONCRETE;
ORANGE_CONCRETE;
RED_CONCRETE;
RED_CONCRETE;
ORANGE_CONCRETE;
RED_CONCRETE;
RED_CONCRETE;
ORANGE_CONCRETE;
RED_CONCRETE;
RED_CONCRETE;
RED_CONCRETE;
ORANGE_CONCRETE;
ORANGE_CONCRETE;
ORANGE_CONCRETE;
RED_CONCRETE;
RED_CONCRETE;
RED_CONCRETE;
RED_CONCRETE;
RED_CONCRETE;
RED_CONCRETE;
RED_CONCRETE;
RED_CONCRETE;
ORANGE_CONCRETE;
RED_CONCRETE;
RED_CONCRETE;
RED_CONCRETE;
RED_CONCRETE;
BLACK_CONCRETE;
ORANGE_CONCRETE;
WHITE_CONCRETE;
ORANGE_CONCRETE;
ORANGE_CONCRETE;
ORANGE_CONCRETE;
ORANGE_CONCRETE;
ORANGE_CONCRETE;
RED_CONCRETE;
RED_CONCRETE;
RED_CONCRETE;
RED_CONCRETE;
RED_CONCRETE;
RED_CONCRETE;
RED_CONCRETE;
RED_CONCRETE;
RED_CONCRETE;
RED_CONCRETE;
RED_CONCRETE;
RED_CONCRETE;
RED_CONCRETE;
RED_CONCRETE;
RED_CONCRETE;
RED_CONCRETE;
RED_CONCRETE;
RED_CONCRETE;
RED_CONCRETE;
RED_CONCRETE;
RED_CONCRETE;
RED_CONCRETE;
RED_CONCRETE;
RED_CONCRETE;
RED_CONCRETE;
RED_CONCRETE;
ORANGE_CONCRETE;
ORANGE_CONCRETE;
ORANGE_CONCRETE;
ORANGE_CONCRETE;
RED_CONCRETE;
RED_CONCRETE;
RED_CONCRETE;
RED_CONCRETE;
RED_CONCRETE;
RED_CONCRETE;
RED_CONCRETE;
RED_CONCRETE;
RED_CONCRETE;
RED_CONCRETE;
RED_CONCRETE;
RED_CONCRETE;
RED_CONCRETE;
ORANGE_CONCRETE;
ORANGE_CONCRETE;
ORANGE_CONCRETE;
ORANGE_CONCRETE;
ORANGE_CONCRETE;
ORANGE_CONCRETE;
RED_CONCRETE;
RED_CONCRETE;
RED_CONCRETE;
RED_CONCRETE;
RED_CONCRETE;
RED_CONCRETE;
RED_CONCRETE;
RED_CONCRETE;
RED_CONCRETE;
RED_CONCRETE;
RED_CONCRETE;
RED_CONCRETE;
RED_CONCRETE;
RED_CONCRETE;
RED_CONCRETE;
RED_CONCRETE;
RED_CONCRETE;
RED_CONCRETE;
RED_CONCRETE;
RED_CONCRETE;
RED_CONCRETE;
RED_CONCRETE;
RED_CONCRETE;
RED_CONCRETE;
RED_CONCRETE;
RED_CONCRETE;
RED_CONCRETE;
ORANGE_CONCRETE;
ORANGE_CONCRETE;
ORANGE_CONCRETE;
ORANGE_CONCRETE;
RED_CONCRETE;
RED_CONCRETE;
RED_CONCRETE;
RED_CONCRETE;
RED_CONCRETE;
RED_CONCRETE;
RED_CONCRETE;
RED_CONCRETE;
RED_CONCRETE;
RED_CONCRETE;
RED_CONCRETE;
RED_CONCRETE;
RED_CONCRETE;
ORANGE_CONCRETE;
ORANGE_CONCRETE;
ORANGE_CONCRETE;
ORANGE_CONCRETE;
ORANGE_CONCRETE;
ORANGE_CONCRETE;
RED_CONCRETE;
RED_CONCRETE;
RED_CONCRETE;
RED_CONCRETE;
RED_CONCRETE;
RED_CONCRETE;
RED_CONCRETE;
RED_CONCRETE;
RED_CONCRETE;
RED_CONCRETE;
RED_CONCRETE;
RED_CONCRETE;
RED_CONCRETE;
RED_CONCRETE;
RED_CONCRETE;
RED_CONCRETE;
RED_CONCRETE;
RED_CONCRETE;
RED_CONCRETE;
RED_CONCRETE;
RED_CONCRETE;
RED_CONCRETE;
RED_CONCRETE;
RED_CONCRETE;
RED_CONCRETE;
RED_CONCRETE;
RED_CONCRETE;
RED_CONCRETE;
ORANGE_CONCRETE;
ORANGE_CONCRETE;
ORANGE_CONCRETE;
RED_CONCRETE;
RED_CONCRETE;
RED_CONCRETE;
RED_CONCRETE;
RED_CONCRETE;
RED_CONCRETE;
RED_CONCRETE;
RED_CONCRETE;
RED_CONCRETE;
RED_CONCRETE;
RED_CONCRETE;
RED_CONCRETE;
RED_CONCRETE;
RED_CONCRETE;
ORANGE_CONCRETE;
ORANGE_CONCRETE;
RED_CONCRETE;
RED_CONCRETE;
RED_CONCRETE;
RED_CONCRETE;
RED_CONCRETE;
RED_CONCRETE;
RED_CONCRETE;
RED_CONCRETE;
RED_CONCRETE;
RED_CONCRETE;
RED_CONCRETE;
RED_CONCRETE;
RED_CONCRETE;
RED_CONCRETE;
RED_CONCRETE;
RED_CONCRETE;
RED_CONCRETE;
RED_CONCRETE;
RED_CONCRETE;
RED_CONCRETE;
RED_CONCRETE;
RED_CONCRETE;
RED_CONCRETE;
RED_CONCRETE;
RED_CONCRETE;
RED_CONCRETE;
RED_CONCRETE;
RED_CONCRETE;
RED_CONCRETE;
RED_CONCRETE;
RED_CONCRETE;
ORANGE_CONCRETE;
ORANGE_CONCRETE;
ORANGE_CONCRETE;
RED_CONCRETE;
RED_CONCRETE;
RED_CONCRETE;
RED_CONCRETE;
RED_CONCRETE;
RED_CONCRETE;
RED_CONCRETE;
RED_CONCRETE;
RED_CONCRETE;
RED_CONCRETE;
RED_CONCRETE;
RED_CONCRETE;
RED_CONCRETE;
RED_CONCRETE;
RED_CONCRETE;
RED_CONCRETE;
RED_CONCRETE;
RED_CONCRETE;
RED_CONCRETE;
RED_CONCRETE;
RED_CONCRETE;
RED_CONCRETE;
RED_CONCRETE;
RED_CONCRETE;
RED_CONCRETE;
RED_CONCRETE;
RED_CONCRETE;
RED_CONCRETE;
RED_CONCRETE;
RED_CONCRETE;
RED_CONCRETE;
RED_CONCRETE;
RED_CONCRETE;
RED_CONCRETE;
RED_CONCRETE;
RED_CONCRETE;
RED_CONCRETE;
RED_CONCRETE;
RED_CONCRETE;
RED_CONCRETE;
RED_CONCRETE;
RED_CONCRETE;
RED_CONCRETE;
RED_CONCRETE;
RED_CONCRETE;
RED_CONCRETE;
RED_CONCRETE;
ORANGE_CONCRETE;
ORANGE_CONCRETE;
ORANGE_CONCRETE;
RED_CONCRETE;
RED_CONCRETE;
RED_CONCRETE;
RED_CONCRETE;
RED_CONCRETE;
RED_CONCRETE;
RED_CONCRETE;
RED_CONCRETE;
RED_CONCRETE;
RED_CONCRETE;
RED_CONCRETE;
RED_CONCRETE;
RED_CONCRETE;
RED_CONCRETE;
RED_CONCRETE;
RED_CONCRETE;
RED_CONCRETE;
RED_CONCRETE;
RED_CONCRETE;
RED_CONCRETE;
RED_CONCRETE;
RED_CONCRETE;
RED_CONCRETE;
RED_CONCRETE;
RED_CONCRETE;
RED_CONCRETE;
RED_CONCRETE;
RED_CONCRETE;
RED_CONCRETE;
RED_CONCRETE;
RED_CONCRETE;
RED_CONCRETE;
RED_CONCRETE;
RED_CONCRETE;
RED_CONCRETE;
RED_CONCRETE;
RED_CONCRETE;
RED_CONCRETE;
RED_CONCRETE;
RED_CONCRETE;
RED_CONCRETE;
RED_CONCRETE;
RED_CONCRETE;
RED_CONCRETE;
RED_CONCRETE;
RED_CONCRETE;
RED_CONCRETE;
ORANGE_CONCRETE;
ORANGE_CONCRETE;
ORANGE_CONCRETE;
RED_CONCRETE;
RED_CONCRETE;
RED_CONCRETE;
RED_CONCRETE;
RED_CONCRETE;
RED_CONCRETE;
RED_CONCRETE;
RED_CONCRETE;
RED_CONCRETE;
RED_CONCRETE;
RED_CONCRETE;
RED_CONCRETE;
RED_CONCRETE;
RED_CONCRETE;
RED_CONCRETE;
RED_CONCRETE;
RED_CONCRETE;
RED_CONCRETE;
RED_CONCRETE;
RED_CONCRETE;
RED_CONCRETE;
RED_CONCRETE;
RED_CONCRETE;
RED_CONCRETE;
RED_CONCRETE;
RED_CONCRETE;
RED_CONCRETE;
RED_CONCRETE;
RED_CONCRETE;
RED_CONCRETE;
RED_CONCRETE;
RED_CONCRETE;
RED_CONCRETE;
RED_CONCRETE;
RED_CONCRETE;
RED_CONCRETE;
RED_CONCRETE;
RED_CONCRETE;
RED_CONCRETE;
RED_CONCRETE;
RED_CONCRETE;
RED_CONCRETE;
RED_CONCRETE;
RED_CONCRETE;
RED_CONCRETE;
RED_CONCRETE;
RED_CONCRETE;
ORANGE_CONCRETE;
ORANGE_CONCRETE;
ORANGE_CONCRETE;
RED_CONCRETE;
RED_CONCRETE;
RED_CONCRETE;
RED_CONCRETE;
RED_CONCRETE;
RED_CONCRETE;
RED_CONCRETE;
RED_CONCRETE;
RED_CONCRETE;
RED_CONCRETE;
RED_CONCRETE;
RED_CONCRETE;
RED_CONCRETE;
RED_CONCRETE;
RED_CONCRETE;
RED_CONCRETE;
RED_CONCRETE;
RED_CONCRETE;
RED_CONCRETE;
RED_CONCRETE;
RED_CONCRETE;
RED_CONCRETE;
RED_CONCRETE;
RED_CONCRETE;
RED_CONCRETE;
RED_CONCRETE;
RED_CONCRETE;
RED_CONCRETE;
RED_CONCRETE;
RED_CONCRETE;
RED_CONCRETE;
RED_CONCRETE;
RED_CONCRETE;
RED_CONCRETE;
RED_CONCRETE;
RED_CONCRETE;
RED_CONCRETE;
RED_CONCRETE;
RED_CONCRETE;
RED_CONCRETE;
RED_CONCRETE;
RED_CONCRETE;
ORANGE_CONCRETE;
RED_CONCRETE;
RED_CONCRETE;
RED_CONCRETE;
RED_CONCRETE;
ORANGE_CONCRETE;
ORANGE_CONCRETE;
ORANGE_CONCRETE;
ORANGE_CONCRETE;
RED_CONCRETE;
RED_CONCRETE;
RED_CONCRETE;
RED_CONCRETE;
RED_CONCRETE;
RED_CONCRETE;
RED_CONCRETE;
RED_CONCRETE;
RED_CONCRETE;
RED_CONCRETE;
RED_CONCRETE;
RED_CONCRETE;
RED_CONCRETE;
RED_CONCRETE;
RED_CONCRETE;
RED_CONCRETE;
RED_CONCRETE;
RED_CONCRETE;
RED_CONCRETE;
RED_CONCRETE;
RED_CONCRETE;
RED_CONCRETE;
RED_CONCRETE;
RED_CONCRETE;
RED_CONCRETE;
RED_CONCRETE;
RED_CONCRETE;
RED_CONCRETE;
RED_CONCRETE;
RED_CONCRETE;
RED_CONCRETE;
RED_CONCRETE;
RED_CONCRETE;
RED_CONCRETE;
RED_CONCRETE;
ORANGE_CONCRETE;
ORANGE_CONCRETE;
ORANGE_CONCRETE;
ORANGE_CONCRETE;
ORANGE_CONCRETE;
ORANGE_CONCRETE;
ORANGE_CONCRETE;
ORANGE_CONCRETE;
ORANGE_CONCRETE;
ORANGE_CONCRETE;
ORANGE_CONCRETE;
RED_CONCRETE;
RED_CONCRETE;
ORANGE_CONCRETE;
ORANGE_CONCRETE;
ORANGE_CONCRETE;
ORANGE_CONCRETE;
ORANGE_CONCRETE;
ORANGE_CONCRETE;
ORANGE_CONCRETE;
RED_CONCRETE;
RED_CONCRETE;
RED_CONCRETE;
RED_CONCRETE;
RED_CONCRETE;
RED_CONCRETE;
RED_CONCRETE;
RED_CONCRETE;
RED_CONCRETE;
RED_CONCRETE;
RED_CONCRETE;
RED_CONCRETE;
RED_CONCRETE;
RED_CONCRETE;
RED_CONCRETE;
RED_CONCRETE;
RED_CONCRETE;
RED_CONCRETE;
RED_CONCRETE;
RED_CONCRETE;
RED_CONCRETE;
RED_CONCRETE;
RED_CONCRETE;
RED_CONCRETE;
RED_CONCRETE;
RED_CONCRETE;
RED_CONCRETE;
RED_CONCRETE;
RED_CONCRETE;
RED_CONCRETE;
ORANGE_CONCRETE;
ORANGE_CONCRETE;
ORANGE_CONCRETE;
ORANGE_CONCRETE;
ORANGE_CONCRETE;
ORANGE_CONCRETE;
ORANGE_CONCRETE;
ORANGE_CONCRETE;
ORANGE_CONCRETE;
ORANGE_CONCRETE;
ORANGE_CONCRETE;
RED_CONCRETE;
RED_CONCRETE;
RED_CONCRETE;
RED_CONCRETE;
ORANGE_CONCRETE;
ORANGE_CONCRETE;
ORANGE_CONCRETE;
ORANGE_CONCRETE;
ORANGE_CONCRETE;
ORANGE_CONCRETE;
RED_CONCRETE;
RED_CONCRETE;
RED_CONCRETE;
RED_CONCRETE;
RED_CONCRETE;
RED_CONCRETE;
RED_CONCRETE;
RED_CONCRETE;
RED_CONCRETE;
RED_CONCRETE;
RED_CONCRETE;
RED_CONCRETE;
RED_CONCRETE;
RED_CONCRETE;
RED_CONCRETE;
RED_CONCRETE;
RED_CONCRETE;
RED_CONCRETE;
RED_CONCRETE;
RED_CONCRETE;
RED_CONCRETE;
ORANGE_CONCRETE;
RED_CONCRETE;
RED_CONCRETE;
RED_CONCRETE;
RED_CONCRETE;
RED_CONCRETE;
RED_CONCRETE;
RED_CONCRETE;
ORANGE_CONCRETE;
ORANGE_CONCRETE;
ORANGE_CONCRETE;
ORANGE_CONCRETE;
ORANGE_CONCRETE;
ORANGE_CONCRETE;
ORANGE_CONCRETE;
ORANGE_CONCRETE;
ORANGE_CONCRETE;
ORANGE_CONCRETE;
ORANGE_CONCRETE;
RED_CONCRETE;
RED_CONCRETE;
RED_CONCRETE;
RED_CONCRETE;
ORANGE_CONCRETE;
ORANGE_CONCRETE;
ORANGE_CONCRETE;
ORANGE_CONCRETE;
ORANGE_CONCRETE;
ORANGE_CONCRETE;
ORANGE_CONCRETE;
RED_CONCRETE;
RED_CONCRETE;
RED_CONCRETE;
RED_CONCRETE;
RED_CONCRETE;
RED_CONCRETE;
RED_CONCRETE;
RED_CONCRETE;
RED_CONCRETE;
RED_CONCRETE;
RED_CONCRETE;
RED_CONCRETE;
RED_CONCRETE;
RED_CONCRETE;
RED_CONCRETE;
RED_CONCRETE;
RED_CONCRETE;
RED_CONCRETE;
RED_CONCRETE;
RED_CONCRETE;
RED_CONCRETE;
RED_CONCRETE;
RED_CONCRETE;
RED_CONCRETE;
RED_CONCRETE;
RED_CONCRETE;
RED_CONCRETE;
RED_CONCRETE;
ORANGE_CONCRETE;
ORANGE_CONCRETE;
ORANGE_CONCRETE;
ORANGE_CONCRETE;
ORANGE_CONCRETE;
ORANGE_CONCRETE;
ORANGE_CONCRETE;
ORANGE_CONCRETE;
ORANGE_CONCRETE;
ORANGE_CONCRETE;
ORANGE_CONCRETE;
RED_CONCRETE;
RED_CONCRETE;
RED_CONCRETE;
ORANGE_CONCRETE;
ORANGE_CONCRETE;
ORANGE_CONCRETE;
ORANGE_CONCRETE;
ORANGE_CONCRETE;
ORANGE_CONCRETE;
RED_CONCRETE;
RED_CONCRETE;
RED_CONCRETE;
RED_CONCRETE;
RED_CONCRETE;
RED_CONCRETE;
RED_CONCRETE;
RED_CONCRETE;
RED_CONCRETE;
RED_CONCRETE;
RED_CONCRETE;
RED_CONCRETE;
RED_CONCRETE;
RED_CONCRETE;
RED_CONCRETE;
RED_CONCRETE;
RED_CONCRETE;
RED_CONCRETE;
RED_CONCRETE;
RED_CONCRETE;
RED_CONCRETE;
RED_CONCRETE;
RED_CONCRETE;
RED_CONCRETE;
RED_CONCRETE;
RED_CONCRETE;
RED_CONCRETE;
RED_CONCRETE;
RED_CONCRETE;
RED_CONCRETE;
ORANGE_CONCRETE;
ORANGE_CONCRETE;
ORANGE_CONCRETE;
ORANGE_CONCRETE;
ORANGE_CONCRETE;
ORANGE_CONCRETE;
ORANGE_CONCRETE;
ORANGE_CONCRETE;
ORANGE_CONCRETE;
ORANGE_CONCRETE;
ORANGE_CONCRETE;
ORANGE_CONCRETE;
RED_CONCRETE;
RED_CONCRETE;
RED_CONCRETE;
RED_CONCRETE;
ORANGE_CONCRETE;
ORANGE_CONCRETE;
ORANGE_CONCRETE;
ORANGE_CONCRETE;
ORANGE_CONCRETE;
ORANGE_CONCRETE;
RED_CONCRETE;
RED_CONCRETE;
RED_CONCRETE;
RED_CONCRETE;
RED_CONCRETE;
RED_CONCRETE;
RED_CONCRETE;
RED_CONCRETE;
RED_CONCRETE;
RED_CONCRETE;
RED_CONCRETE;
RED_CONCRETE;
RED_CONCRETE;
RED_CONCRETE;
RED_CONCRETE;
RED_CONCRETE;
RED_CONCRETE;
RED_CONCRETE;
RED_CONCRETE;
RED_CONCRETE;
RED_CONCRETE;
RED_CONCRETE;
RED_CONCRETE;
RED_CONCRETE;
RED_CONCRETE;
RED_CONCRETE;
RED_CONCRETE;
RED_CONCRETE;
ORANGE_CONCRETE;
ORANGE_CONCRETE;
ORANGE_CONCRETE;
ORANGE_CONCRETE;
ORANGE_CONCRETE;
ORANGE_CONCRETE;
ORANGE_CONCRETE;
ORANGE_CONCRETE;
ORANGE_CONCRETE;
ORANGE_CONCRETE;
ORANGE_CONCRETE;
RED_CONCRETE;
RED_CONCRETE;
RED_CONCRETE;
RED_CONCRETE;
ORANGE_CONCRETE;
ORANGE_CONCRETE;
ORANGE_CONCRETE;
ORANGE_CONCRETE;
ORANGE_CONCRETE;
RED_CONCRETE;
RED_CONCRETE;
RED_CONCRETE;
RED_CONCRETE;
RED_CONCRETE;
RED_CONCRETE;
RED_CONCRETE;
RED_CONCRETE;
RED_CONCRETE;
RED_CONCRETE;
RED_CONCRETE;
RED_CONCRETE;
RED_CONCRETE;
RED_CONCRETE;
RED_CONCRETE;
RED_CONCRETE;
RED_CONCRETE;
RED_CONCRETE;
RED_CONCRETE;
RED_CONCRETE;
RED_CONCRETE;
RED_CONCRETE;
RED_CONCRETE;
RED_CONCRETE;
RED_CONCRETE;
RED_CONCRETE;
RED_CONCRETE;
RED_CONCRETE;
RED_CONCRETE;
RED_CONCRETE;
ORANGE_CONCRETE;
ORANGE_CONCRETE;
ORANGE_CONCRETE;
ORANGE_CONCRETE;
ORANGE_CONCRETE;
ORANGE_CONCRETE;
ORANGE_CONCRETE;
ORANGE_CONCRETE;
ORANGE_CONCRETE;
ORANGE_CONCRETE;
ORANGE_CONCRETE;
ORANGE_CONCRETE;
RED_CONCRETE;
RED_CONCRETE;
RED_CONCRETE;
RED_CONCRETE;
RED_CONCRETE;
RED_CONCRETE;
RED_CONCRETE;
RED_CONCRETE;
RED_CONCRETE;
RED_CONCRETE;
RED_CONCRETE;
RED_CONCRETE;
RED_CONCRETE;
RED_CONCRETE;
RED_CONCRETE;
RED_CONCRETE;
RED_CONCRETE;
RED_CONCRETE;
RED_CONCRETE;
RED_CONCRETE;
RED_CONCRETE;
RED_CONCRETE;
RED_CONCRETE;
RED_CONCRETE;
RED_CONCRETE;
RED_CONCRETE;
RED_CONCRETE;
RED_CONCRETE;
RED_CONCRETE;
RED_CONCRETE;
RED_CONCRETE;
RED_CONCRETE;
RED_CONCRETE;
RED_CONCRETE;
RED_CONCRETE;
RED_CONCRETE;
RED_CONCRETE;
RED_CONCRETE;
