YELLOW_CONCRETE;
YELLOW_CONCRETE;
YELLOW_CONCRETE;
YELLOW_CONCRETE;
ORANGE_CONCRETE;
ORANGE_CONCRETE;
RED_CONCRETE;
RED_CONCRETE;
RED_CONCRETE;
ORANGE_CONCRETE;
ORANGE_CONCRETE;
ORANGE_CONCRETE;
ORANGE_CONCRETE;
ORANGE_CONCRETE;
ORANGE_CONCRETE;
ORANGE_CONCRETE;
ORANGE_CONCRETE;
YELLOW_CONCRETE;
YELLOW_CONCRETE;
BLACK_CONCRETE;
BLACK_CONCRETE;
LIME_CONCRETE;
LIME_CONCRETE;
LIME_CONCRETE;
LIME_CONCRETE;
LIME_CONCRETE;
LIME_CONCRETE;
GREEN_CONCRETE;
CYAN_CONCRETE;
CYAN_CONCRETE;
LIGHT_BLUE_CONCRETE;
LIGHT_BLUE_CONCRETE;
LIGHT_BLUE_CONCRETE;
LIGHT_BLUE_CONCRETE;
CYAN_CONCRETE;
GREEN_CONCRETE;
LIGHT_BLUE_CONCRETE;
LIGHT_BLUE_CONCRETE;
CYAN_CONCRETE;
YELLOW_CONCRETE;
ORANGE_CONCRETE;
ORANGE_CONCRETE;
YELLOW_CONCRETE;
BLACK_CONCRETE;
YELLOW_CONCRETE;
YELLOW_CONCRETE;
YELLOW_CONCRETE;
YELLOW_CONCRETE;
YELLOW_CONCRETE;
YELLOW_CONCRETE;
YELLOW_CONCRETE;
YELLOW_CONCRETE;
YELLOW_CONCRETE;
YELLOW_CONCRETE;
ORANGE_CONCRETE;
ORANGE_CONCRETE;
ORANGE_CONCRETE;
ORANGE_CONCRETE;
ORANGE_CONCRETE;
ORANGE_CONCRETE;
ORANGE_CONCRETE;
ORANGE_CONCRETE;
ORANGE_CONCRETE;
ORANGE_CONCRETE;
ORANGE_CONCRETE;
YELLOW_CONCRETE;
YELLOW_CONCRETE;
YELLOW_CONCRETE;
YELLOW_CONCRETE;
BLACK_CONCRETE;
BLACK_CONCRETE;
LIME_CONCRETE;
LIME_CONCRETE;
LIME_CONCRETE;
GREEN_CONCRETE;
GREEN_CONCRETE;
LIME_CONCRETE;
GREEN_CONCRETE;
CYAN_CONCRETE;
CYAN_CONCRETE;
LIGHT_BLUE_CONCRETE;
LIGHT_BLUE_CONCRETE;
LIGHT_BLUE_CONCRETE;
LIGHT_BLUE_CONCRETE;
CYAN_CONCRETE;
LIGHT_BLUE_CONCRETE;
LIGHT_BLUE_CONCRETE;
LIME_CONCRETE;
BLACK_CONCRETE;
YELLOW_CONCRETE;
ORANGE_CONCRETE;
YELLOW_CONCRETE;
YELLOW_CONCRETE;
BLACK_CONCRETE;
BLACK_CONCRETE;
YELLOW_CONCRETE;
YELLOW_CONCRETE;
YELLOW_CONCRETE;
YELLOW_CONCRETE;
YELLOW_CONCRETE;
LIME_CONCRETE;
BLACK_CONCRETE;
BLACK_CONCRETE;
YELLOW_CONCRETE;
ORANGE_CONCRETE;
ORANGE_CONCRETE;
ORANGE_CONCRETE;
ORANGE_CONCRETE;
ORANGE_CONCRETE;
ORANGE_CONCRETE;
ORANGE_CONCRETE;
ORANGE_CONCRETE;
ORANGE_CONCRETE;
YELLOW_CONCRETE;
YELLOW_CONCRETE;
YELLOW_CONCRETE;
YELLOW_CONCRETE;
YELLOW_CONCRETE;
YELLOW_CONCRETE;
BLACK_CONCRETE;
LIME_CONCRETE;
LIME_CONCRETE;
LIME_CONCRETE;
LIME_CONCRETE;
GREEN_CONCRETE;
GREEN_CONCRETE;
LIME_CONCRETE;
GREEN_CONCRETE;
CYAN_CONCRETE;
LIGHT_BLUE_CONCRETE;
LIGHT_BLUE_CONCRETE;
LIGHT_BLUE_CONCRETE;
LIGHT_BLUE_CONCRETE;
CYAN_CONCRETE;
LIGHT_BLUE_CONCRETE;
LIGHT_BLUE_CONCRETE;
LIME_CONCRETE;
YELLOW_CONCRETE;
YELLOW_CONCRETE;
YELLOW_CONCRETE;
YELLOW_CONCRETE;
YELLOW_CONCRETE;
YELLOW_CONCRETE;
YELLOW_CONCRETE;
BLACK_CONCRETE;
BLACK_CONCRETE;
BLACK_CONCRETE;
YELLOW_CONCRETE;
YELLOW_CONCRETE;
YELLOW_CONCRETE;
GREEN_CONCRETE;
LIME_CONCRETE;
BLACK_CONCRETE;
YELLOW_CONCRETE;
ORANGE_CONCRETE;
ORANGE_CONCRETE;
ORANGE_CONCRETE;
ORANGE_CONCRETE;
ORANGE_CONCRETE;
ORANGE_CONCRETE;
YELLOW_CONCRETE;
YELLOW_CONCRETE;
YELLOW_CONCRETE;
YELLOW_CONCRETE;
BLACK_CONCRETE;
BLACK_CONCRETE;
BLACK_CONCRETE;
BLACK_CONCRETE;
BLACK_CONCRETE;
LIME_CONCRETE;
LIME_CONCRETE;
LIME_CONCRETE;
LIME_CONCRETE;
GREEN_CONCRETE;
GREEN_CONCRETE;
LIME_CONCRETE;
LIME_CONCRETE;
GREEN_CONCRETE;
CYAN_CONCRETE;
LIGHT_BLUE_CONCRETE;
LIGHT_BLUE_CONCRETE;
LIGHT_BLUE_CONCRETE;
LIGHT_BLUE_CONCRETE;
LIGHT_BLUE_CONCRETE;
LIGHT_BLUE_CONCRETE;
GREEN_CONCRETE;
BLACK_CONCRETE;
YELLOW_CONCRETE;
YELLOW_CONCRETE;
YELLOW_CONCRETE;
YELLOW_CONCRETE;
YELLOW_CONCRETE;
YELLOW_CONCRETE;
YELLOW_CONCRETE;
BLACK_CONCRETE;
BLACK_CONCRETE;
BLACK_CONCRETE;
YELLOW_CONCRETE;
YELLOW_CONCRETE;
YELLOW_CONCRETE;
LIME_CONCRETE;
GREEN_CONCRETE;
LIME_CONCRETE;
BLACK_CONCRETE;
BLACK_CONCRETE;
ORANGE_CONCRETE;
ORANGE_CONCRETE;
ORANGE_CONCRETE;
ORANGE_CONCRETE;
ORANGE_CONCRETE;
BLACK_CONCRETE;
BLACK_CONCRETE;
BLACK_CONCRETE;
BLACK_CONCRETE;
LIME_CONCRETE;
LIME_CONCRETE;
LIME_CONCRETE;
LIME_CONCRETE;
LIME_CONCRETE;
LIME_CONCRETE;
LIME_CONCRETE;
LIME_CONCRETE;
LIME_CONCRETE;
GREEN_CONCRETE;
GREEN_CONCRETE;
LIME_CONCRETE;
GREEN_CONCRETE;
GREEN_CONCRETE;
LIGHT_BLUE_CONCRETE;
LIGHT_BLUE_CONCRETE;
LIGHT_BLUE_CONCRETE;
LIGHT_BLUE_CONCRETE;
LIGHT_BLUE_CONCRETE;
LIGHT_BLUE_CONCRETE;
CYAN_CONCRETE;
BLACK_CONCRETE;
YELLOW_CONCRETE;
YELLOW_CONCRETE;
YELLOW_CONCRETE;
YELLOW_CONCRETE;
YELLOW_CONCRETE;
YELLOW_CONCRETE;
YELLOW_CONCRETE;
YELLOW_CONCRETE;
BLACK_CONCRETE;
BLACK_CONCRETE;
BLACK_CONCRETE;
YELLOW_CONCRETE;
YELLOW_CONCRETE;
YELLOW_CONCRETE;
BLACK_CONCRETE;
GREEN_CONCRETE;
LIME_CONCRETE;
LIME_CONCRETE;
LIME_CONCRETE;
YELLOW_CONCRETE;
ORANGE_CONCRETE;
YELLOW_CONCRETE;
YELLOW_CONCRETE;
YELLOW_CONCRETE;
BLACK_CONCRETE;
LIME_CONCRETE;
LIME_CONCRETE;
LIME_CONCRETE;
LIME_CONCRETE;
GREEN_CONCRETE;
GREEN_CONCRETE;
GREEN_CONCRETE;
LIME_CONCRETE;
LIME_CONCRETE;
LIME_CONCRETE;
LIME_CONCRETE;
GREEN_CONCRETE;
GREEN_CONCRETE;
GREEN_CONCRETE;
LIME_CONCRETE;
LIME_CONCRETE;
GREEN_CONCRETE;
LIGHT_BLUE_CONCRETE;
LIGHT_BLUE_CONCRETE;
LIGHT_BLUE_CONCRETE;
LIGHT_BLUE_CONCRETE;
LIGHT_BLUE_CONCRETE;
CYAN_CONCRETE;
BLACK_CONCRETE;
YELLOW_CONCRETE;
YELLOW_CONCRETE;
YELLOW_CONCRETE;
YELLOW_CONCRETE;
YELLOW_CONCRETE;
YELLOW_CONCRETE;
BLACK_CONCRETE;
YELLOW_CONCRETE;
YELLOW_CONCRETE;
BLACK_CONCRETE;
BLACK_CONCRETE;
BLACK_CONCRETE;
BLACK_CONCRETE;
YELLOW_CONCRETE;
YELLOW_CONCRETE;
YELLOW_CONCRETE;
BLACK_CONCRETE;
LIME_CONCRETE;
LIME_CONCRETE;
LIME_CONCRETE;
YELLOW_CONCRETE;
YELLOW_CONCRETE;
YELLOW_CONCRETE;
YELLOW_CONCRETE;
BLACK_CONCRETE;
LIME_CONCRETE;
LIME_CONCRETE;
GREEN_CONCRETE;
GREEN_CONCRETE;
CYAN_CONCRETE;
CYAN_CONCRETE;
CYAN_CONCRETE;
CYAN_CONCRETE;
GREEN_CONCRETE;
GREEN_CONCRETE;
LIME_CONCRETE;
LIME_CONCRETE;
GREEN_CONCRETE;
GREEN_CONCRETE;
GREEN_CONCRETE;
GREEN_CONCRETE;
LIME_CONCRETE;
CYAN_CONCRETE;
LIGHT_BLUE_CONCRETE;
LIGHT_BLUE_CONCRETE;
LIGHT_BLUE_CONCRETE;
LIGHT_BLUE_CONCRETE;
LIGHT_BLUE_CONCRETE;
BLACK_CONCRETE;
YELLOW_CONCRETE;
YELLOW_CONCRETE;
YELLOW_CONCRETE;
YELLOW_CONCRETE;
YELLOW_CONCRETE;
YELLOW_CONCRETE;
YELLOW_CONCRETE;
BLACK_CONCRETE;
BLACK_CONCRETE;
YELLOW_CONCRETE;
BLACK_CONCRETE;
BLACK_CONCRETE;
BLACK_CONCRETE;
YELLOW_CONCRETE;
YELLOW_CONCRETE;
YELLOW_CONCRETE;
ORANGE_CONCRETE;
ORANGE_CONCRETE;
YELLOW_CONCRETE;
LIME_CONCRETE;
LIME_CONCRETE;
BLACK_CONCRETE;
BLACK_CONCRETE;
LIME_CONCRETE;
LIME_CONCRETE;
LIME_CONCRETE;
GREEN_CONCRETE;
GREEN_CONCRETE;
CYAN_CONCRETE;
CYAN_CONCRETE;
CYAN_CONCRETE;
CYAN_CONCRETE;
CYAN_CONCRETE;
CYAN_CONCRETE;
CYAN_CONCRETE;
CYAN_CONCRETE;
GREEN_CONCRETE;
GREEN_CONCRETE;
GREEN_CONCRETE;
GREEN_CONCRETE;
GREEN_CONCRETE;
GREEN_CONCRETE;
GREEN_CONCRETE;
CYAN_CONCRETE;
LIGHT_BLUE_CONCRETE;
LIGHT_BLUE_CONCRETE;
LIGHT_BLUE_CONCRETE;
LIGHT_BLUE_CONCRETE;
BLACK_CONCRETE;
YELLOW_CONCRETE;
YELLOW_CONCRETE;
YELLOW_CONCRETE;
YELLOW_CONCRETE;
YELLOW_CONCRETE;
YELLOW_CONCRETE;
YELLOW_CONCRETE;
YELLOW_CONCRETE;
BLACK_CONCRETE;
YELLOW_CONCRETE;
BLACK_CONCRETE;
BLACK_CONCRETE;
BLACK_CONCRETE;
YELLOW_CONCRETE;
YELLOW_CONCRETE;
YELLOW_CONCRETE;
BLACK_CONCRETE;
ORANGE_CONCRETE;
ORANGE_CONCRETE;
YELLOW_CONCRETE;
LIME_CONCRETE;
LIME_CONCRETE;
LIME_CONCRETE;
GREEN_CONCRETE;
CYAN_CONCRETE;
CYAN_CONCRETE;
CYAN_CONCRETE;
GREEN_CONCRETE;
GREEN_CONCRETE;
LIME_CONCRETE;
LIME_CONCRETE;
LIME_CONCRETE;
GREEN_CONCRETE;
CYAN_CONCRETE;
CYAN_CONCRETE;
CYAN_CONCRETE;
CYAN_CONCRETE;
CYAN_CONCRETE;
CYAN_CONCRETE;
GREEN_CONCRETE;
GREEN_CONCRETE;
GREEN_CONCRETE;
GREEN_CONCRETE;
GREEN_CONCRETE;
CYAN_CONCRETE;
LIGHT_BLUE_CONCRETE;
LIGHT_BLUE_CONCRETE;
LIGHT_BLUE_CONCRETE;
LIME_CONCRETE;
YELLOW_CONCRETE;
YELLOW_CONCRETE;
YELLOW_CONCRETE;
YELLOW_CONCRETE;
YELLOW_CONCRETE;
YELLOW_CONCRETE;
YELLOW_CONCRETE;
YELLOW_CONCRETE;
YELLOW_CONCRETE;
YELLOW_CONCRETE;
YELLOW_CONCRETE;
BLACK_CONCRETE;
BLACK_CONCRETE;
YELLOW_CONCRETE;
YELLOW_CONCRETE;
YELLOW_CONCRETE;
BLACK_CONCRETE;
BLACK_CONCRETE;
ORANGE_CONCRETE;
ORANGE_CONCRETE;
YELLOW_CONCRETE;
LIME_CONCRETE;
GREEN_CONCRETE;
CYAN_CONCRETE;
GREEN_CONCRETE;
GREEN_CONCRETE;
GREEN_CONCRETE;
CYAN_CONCRETE;
GREEN_CONCRETE;
LIME_CONCRETE;
BLACK_CONCRETE;
BLACK_CONCRETE;
LIME_CONCRETE;
LIME_CONCRETE;
GREEN_CONCRETE;
GREEN_CONCRETE;
GREEN_CONCRETE;
CYAN_CONCRETE;
CYAN_CONCRETE;
CYAN_CONCRETE;
CYAN_CONCRETE;
GREEN_CONCRETE;
GREEN_CONCRETE;
GREEN_CONCRETE;
CYAN_CONCRETE;
LIGHT_BLUE_CONCRETE;
LIGHT_BLUE_CONCRETE;
LIGHT_BLUE_CONCRETE;
GREEN_CONCRETE;
BLACK_CONCRETE;
YELLOW_CONCRETE;
YELLOW_CONCRETE;
YELLOW_CONCRETE;
YELLOW_CONCRETE;
YELLOW_CONCRETE;
YELLOW_CONCRETE;
YELLOW_CONCRETE;
YELLOW_CONCRETE;
YELLOW_CONCRETE;
YELLOW_CONCRETE;
BLACK_CONCRETE;
BLACK_CONCRETE;
BLACK_CONCRETE;
YELLOW_CONCRETE;
YELLOW_CONCRETE;
YELLOW_CONCRETE;
BLACK_CONCRETE;
BLACK_CONCRETE;
RED_CONCRETE;
ORANGE_CONCRETE;
YELLOW_CONCRETE;
BLACK_CONCRETE;
LIME_CONCRETE;
LIME_CONCRETE;
LIME_CONCRETE;
BLACK_CONCRETE;
LIME_CONCRETE;
GREEN_CONCRETE;
LIME_CONCRETE;
LIME_CONCRETE;
YELLOW_CONCRETE;
YELLOW_CONCRETE;
BLACK_CONCRETE;
BLACK_CONCRETE;
LIME_CONCRETE;
LIME_CONCRETE;
LIME_CONCRETE;
GREEN_CONCRETE;
CYAN_CONCRETE;
CYAN_CONCRETE;
CYAN_CONCRETE;
CYAN_CONCRETE;
CYAN_CONCRETE;
CYAN_CONCRETE;
LIGHT_BLUE_CONCRETE;
LIGHT_BLUE_CONCRETE;
LIGHT_BLUE_CONCRETE;
CYAN_CONCRETE;
LIME_CONCRETE;
BLACK_CONCRETE;
YELLOW_CONCRETE;
YELLOW_CONCRETE;
YELLOW_CONCRETE;
YELLOW_CONCRETE;
YELLOW_CONCRETE;
YELLOW_CONCRETE;
YELLOW_CONCRETE;
YELLOW_CONCRETE;
BLACK_CONCRETE;
BLACK_CONCRETE;
BLACK_CONCRETE;
BLACK_CONCRETE;
BLACK_CONCRETE;
BLACK_CONCRETE;
BLACK_CONCRETE;
BLACK_CONCRETE;
BLACK_CONCRETE;
BLACK_CONCRETE;
RED_CONCRETE;
RED_CONCRETE;
ORANGE_CONCRETE;
YELLOW_CONCRETE;
BLACK_CONCRETE;
BLACK_CONCRETE;
BLACK_CONCRETE;
YELLOW_CONCRETE;
LIME_CONCRETE;
GREEN_CONCRETE;
LIME_CONCRETE;
BLACK_CONCRETE;
ORANGE_CONCRETE;
ORANGE_CONCRETE;
YELLOW_CONCRETE;
YELLOW_CONCRETE;
YELLOW_CONCRETE;
YELLOW_CONCRETE;
YELLOW_CONCRETE;
BLACK_CONCRETE;
GREEN_CONCRETE;
LIGHT_BLUE_CONCRETE;
LIGHT_BLUE_CONCRETE;
LIGHT_BLUE_CONCRETE;
LIGHT_BLUE_CONCRETE;
LIGHT_BLUE_CONCRETE;
LIGHT_BLUE_CONCRETE;
LIGHT_BLUE_CONCRETE;
CYAN_CONCRETE;
GREEN_CONCRETE;
LIME_CONCRETE;
BLACK_CONCRETE;
BLACK_CONCRETE;
YELLOW_CONCRETE;
YELLOW_CONCRETE;
YELLOW_CONCRETE;
YELLOW_CONCRETE;
YELLOW_CONCRETE;
YELLOW_CONCRETE;
YELLOW_CONCRETE;
BLACK_CONCRETE;
BLACK_CONCRETE;
BLACK_CONCRETE;
BLACK_CONCRETE;
BLACK_CONCRETE;
BLACK_CONCRETE;
BLACK_CONCRETE;
BLACK_CONCRETE;
BLACK_CONCRETE;
BLACK_CONCRETE;
RED_CONCRETE;
RED_CONCRETE;
RED_CONCRETE;
ORANGE_CONCRETE;
YELLOW_CONCRETE;
YELLOW_CONCRETE;
BLACK_CONCRETE;
BLACK_CONCRETE;
LIME_CONCRETE;
LIME_CONCRETE;
BLACK_CONCRETE;
YELLOW_CONCRETE;
ORANGE_CONCRETE;
ORANGE_CONCRETE;
ORANGE_CONCRETE;
ORANGE_CONCRETE;
ORANGE_CONCRETE;
YELLOW_CONCRETE;
YELLOW_CONCRETE;
YELLOW_CONCRETE;
LIME_CONCRETE;
CYAN_CONCRETE;
CYAN_CONCRETE;
LIGHT_BLUE_CONCRETE;
LIGHT_BLUE_CONCRETE;
LIGHT_BLUE_CONCRETE;
LIGHT_BLUE_CONCRETE;
LIGHT_BLUE_CONCRETE;
CYAN_CONCRETE;
GREEN_CONCRETE;
LIME_CONCRETE;
BLACK_CONCRETE;
BLACK_CONCRETE;
BLACK_CONCRETE;
BLACK_CONCRETE;
YELLOW_CONCRETE;
YELLOW_CONCRETE;
YELLOW_CONCRETE;
YELLOW_CONCRETE;
YELLOW_CONCRETE;
BLACK_CONCRETE;
BLACK_CONCRETE;
BLACK_CONCRETE;
BLACK_CONCRETE;
BLACK_CONCRETE;
BLACK_CONCRETE;
BLACK_CONCRETE;
BLACK_CONCRETE;
BLACK_CONCRETE;
BLACK_CONCRETE;
ORANGE_CONCRETE;
RED_CONCRETE;
RED_CONCRETE;
ORANGE_CONCRETE;
YELLOW_CONCRETE;
BLACK_CONCRETE;
LIME_CONCRETE;
LIME_CONCRETE;
LIME_CONCRETE;
BLACK_CONCRETE;
BLACK_CONCRETE;
YELLOW_CONCRETE;
ORANGE_CONCRETE;
ORANGE_CONCRETE;
ORANGE_CONCRETE;
ORANGE_CONCRETE;
ORANGE_CONCRETE;
YELLOW_CONCRETE;
YELLOW_CONCRETE;
YELLOW_CONCRETE;
LIME_CONCRETE;
LIME_CONCRETE;
GREEN_CONCRETE;
CYAN_CONCRETE;
LIGHT_BLUE_CONCRETE;
LIGHT_BLUE_CONCRETE;
CYAN_CONCRETE;
LIGHT_BLUE_CONCRETE;
CYAN_CONCRETE;
GREEN_CONCRETE;
LIME_CONCRETE;
LIME_CONCRETE;
BLACK_CONCRETE;
BLACK_CONCRETE;
BLACK_CONCRETE;
BLACK_CONCRETE;
YELLOW_CONCRETE;
YELLOW_CONCRETE;
YELLOW_CONCRETE;
YELLOW_CONCRETE;
YELLOW_CONCRETE;
YELLOW_CONCRETE;
BLACK_CONCRETE;
BLACK_CONCRETE;
BLACK_CONCRETE;
BLACK_CONCRETE;
LIME_CONCRETE;
LIME_CONCRETE;
LIME_CONCRETE;
LIME_CONCRETE;
ORANGE_CONCRETE;
ORANGE_CONCRETE;
ORANGE_CONCRETE;
ORANGE_CONCRETE;
YELLOW_CONCRETE;
LIME_CONCRETE;
LIME_CONCRETE;
LIME_CONCRETE;
BLACK_CONCRETE;
BLACK_CONCRETE;
YELLOW_CONCRETE;
YELLOW_CONCRETE;
ORANGE_CONCRETE;
ORANGE_CONCRETE;
ORANGE_CONCRETE;
ORANGE_CONCRETE;
ORANGE_CONCRETE;
ORANGE_CONCRETE;
YELLOW_CONCRETE;
YELLOW_CONCRETE;
BLACK_CONCRETE;
YELLOW_CONCRETE;
LIME_CONCRETE;
CYAN_CONCRETE;
LIGHT_BLUE_CONCRETE;
LIGHT_BLUE_CONCRETE;
CYAN_CONCRETE;
LIGHT_BLUE_CONCRETE;
CYAN_CONCRETE;
CYAN_CONCRETE;
GREEN_CONCRETE;
LIME_CONCRETE;
LIME_CONCRETE;
LIME_CONCRETE;
BLACK_CONCRETE;
BLACK_CONCRETE;
BLACK_CONCRETE;
BLACK_CONCRETE;
BLACK_CONCRETE;
BLACK_CONCRETE;
YELLOW_CONCRETE;
YELLOW_CONCRETE;
YELLOW_CONCRETE;
BLACK_CONCRETE;
BLACK_CONCRETE;
BLACK_CONCRETE;
BLACK_CONCRETE;
LIME_CONCRETE;
LIME_CONCRETE;
LIME_CONCRETE;
YELLOW_CONCRETE;
YELLOW_CONCRETE;
YELLOW_CONCRETE;
YELLOW_CONCRETE;
LIME_CONCRETE;
LIME_CONCRETE;
LIME_CONCRETE;
BLACK_CONCRETE;
YELLOW_CONCRETE;
YELLOW_CONCRETE;
ORANGE_CONCRETE;
ORANGE_CONCRETE;
ORANGE_CONCRETE;
ORANGE_CONCRETE;
ORANGE_CONCRETE;
ORANGE_CONCRETE;
ORANGE_CONCRETE;
ORANGE_CONCRETE;
YELLOW_CONCRETE;
YELLOW_CONCRETE;
ORANGE_CONCRETE;
YELLOW_CONCRETE;
LIME_CONCRETE;
CYAN_CONCRETE;
LIGHT_BLUE_CONCRETE;
LIGHT_BLUE_CONCRETE;
LIGHT_BLUE_CONCRETE;
CYAN_CONCRETE;
CYAN_CONCRETE;
CYAN_CONCRETE;
GREEN_CONCRETE;
LIME_CONCRETE;
LIME_CONCRETE;
LIME_CONCRETE;
LIME_CONCRETE;
BLACK_CONCRETE;
BLACK_CONCRETE;
BLACK_CONCRETE;
BLACK_CONCRETE;
BLACK_CONCRETE;
YELLOW_CONCRETE;
BLACK_CONCRETE;
BLACK_CONCRETE;
BLACK_CONCRETE;
YELLOW_CONCRETE;
BLACK_CONCRETE;
BLACK_CONCRETE;
BLACK_CONCRETE;
LIME_CONCRETE;
LIME_CONCRETE;
YELLOW_CONCRETE;
BLACK_CONCRETE;
BLACK_CONCRETE;
LIME_CONCRETE;
LIME_CONCRETE;
LIME_CONCRETE;
LIME_CONCRETE;
YELLOW_CONCRETE;
ORANGE_CONCRETE;
ORANGE_CONCRETE;
ORANGE_CONCRETE;
ORANGE_CONCRETE;
ORANGE_CONCRETE;
ORANGE_CONCRETE;
RED_CONCRETE;
RED_CONCRETE;
RED_CONCRETE;
ORANGE_CONCRETE;
YELLOW_CONCRETE;
YELLOW_CONCRETE;
YELLOW_CONCRETE;
BLACK_CONCRETE;
GREEN_CONCRETE;
CYAN_CONCRETE;
LIGHT_BLUE_CONCRETE;
LIGHT_BLUE_CONCRETE;
CYAN_CONCRETE;
CYAN_CONCRETE;
CYAN_CONCRETE;
CYAN_CONCRETE;
CYAN_CONCRETE;
CYAN_CONCRETE;
GREEN_CONCRETE;
LIME_CONCRETE;
LIME_CONCRETE;
BLACK_CONCRETE;
BLACK_CONCRETE;
BLACK_CONCRETE;
LIME_CONCRETE;
BLACK_CONCRETE;
BLACK_CONCRETE;
BLACK_CONCRETE;
BLACK_CONCRETE;
LIME_CONCRETE;
BLACK_CONCRETE;
BLACK_CONCRETE;
BLACK_CONCRETE;
LIME_CONCRETE;
LIME_CONCRETE;
LIME_CONCRETE;
LIME_CONCRETE;
LIME_CONCRETE;
LIME_CONCRETE;
LIME_CONCRETE;
LIME_CONCRETE;
BLACK_CONCRETE;
BLACK_CONCRETE;
BLACK_CONCRETE;
ORANGE_CONCRETE;
ORANGE_CONCRETE;
RED_CONCRETE;
ORANGE_CONCRETE;
ORANGE_CONCRETE;
RED_CONCRETE;
RED_CONCRETE;
ORANGE_CONCRETE;
ORANGE_CONCRETE;
ORANGE_CONCRETE;
YELLOW_CONCRETE;
YELLOW_CONCRETE;
BLACK_CONCRETE;
LIME_CONCRETE;
LIME_CONCRETE;
GREEN_CONCRETE;
LIGHT_BLUE_CONCRETE;
LIGHT_BLUE_CONCRETE;
CYAN_CONCRETE;
CYAN_CONCRETE;
CYAN_CONCRETE;
CYAN_CONCRETE;
CYAN_CONCRETE;
CYAN_CONCRETE;
CYAN_CONCRETE;
GREEN_CONCRETE;
GREEN_CONCRETE;
LIME_CONCRETE;
LIME_CONCRETE;
LIME_CONCRETE;
LIME_CONCRETE;
BLACK_CONCRETE;
BLACK_CONCRETE;
BLACK_CONCRETE;
LIME_CONCRETE;
LIME_CONCRETE;
LIME_CONCRETE;
LIME_CONCRETE;
LIME_CONCRETE;
GREEN_CONCRETE;
GREEN_CONCRETE;
GREEN_CONCRETE;
LIME_CONCRETE;
LIME_CONCRETE;
BLACK_CONCRETE;
YELLOW_CONCRETE;
YELLOW_CONCRETE;
YELLOW_CONCRETE;
BLACK_CONCRETE;
BLACK_CONCRETE;
YELLOW_CONCRETE;
ORANGE_CONCRETE;
ORANGE_CONCRETE;
RED_CONCRETE;
RED_CONCRETE;
RED_CONCRETE;
RED_CONCRETE;
ORANGE_CONCRETE;
ORANGE_CONCRETE;
ORANGE_CONCRETE;
YELLOW_CONCRETE;
BLACK_CONCRETE;
BLACK_CONCRETE;
LIME_CONCRETE;
LIME_CONCRETE;
LIME_CONCRETE;
LIGHT_BLUE_CONCRETE;
LIGHT_BLUE_CONCRETE;
CYAN_CONCRETE;
LIGHT_BLUE_CONCRETE;
CYAN_CONCRETE;
CYAN_CONCRETE;
CYAN_CONCRETE;
CYAN_CONCRETE;
CYAN_CONCRETE;
CYAN_CONCRETE;
CYAN_CONCRETE;
CYAN_CONCRETE;
GREEN_CONCRETE;
GREEN_CONCRETE;
LIME_CONCRETE;
LIME_CONCRETE;
LIME_CONCRETE;
LIME_CONCRETE;
LIME_CONCRETE;
LIME_CONCRETE;
GREEN_CONCRETE;
GREEN_CONCRETE;
GREEN_CONCRETE;
GREEN_CONCRETE;
GREEN_CONCRETE;
GREEN_CONCRETE;
LIME_CONCRETE;
LIME_CONCRETE;
BLACK_CONCRETE;
YELLOW_CONCRETE;
YELLOW_CONCRETE;
YELLOW_CONCRETE;
YELLOW_CONCRETE;
YELLOW_CONCRETE;
YELLOW_CONCRETE;
YELLOW_CONCRETE;
ORANGE_CONCRETE;
RED_CONCRETE;
RED_CONCRETE;
RED_CONCRETE;
RED_CONCRETE;
RED_CONCRETE;
ORANGE_CONCRETE;
ORANGE_CONCRETE;
YELLOW_CONCRETE;
YELLOW_CONCRETE;
YELLOW_CONCRETE;
BLACK_CONCRETE;
LIME_CONCRETE;
BLACK_CONCRETE;
GREEN_CONCRETE;
LIGHT_BLUE_CONCRETE;
LIGHT_BLUE_CONCRETE;
LIGHT_BLUE_CONCRETE;
CYAN_CONCRETE;
CYAN_CONCRETE;
CYAN_CONCRETE;
CYAN_CONCRETE;
CYAN_CONCRETE;
GREEN_CONCRETE;
CYAN_CONCRETE;
CYAN_CONCRETE;
CYAN_CONCRETE;
CYAN_CONCRETE;
CYAN_CONCRETE;
CYAN_CONCRETE;
CYAN_CONCRETE;
CYAN_CONCRETE;
GREEN_CONCRETE;
GREEN_CONCRETE;
GREEN_CONCRETE;
GREEN_CONCRETE;
GREEN_CONCRETE;
GREEN_CONCRETE;
GREEN_CONCRETE;
GREEN_CONCRETE;
LIME_CONCRETE;
BLACK_CONCRETE;
YELLOW_CONCRETE;
YELLOW_CONCRETE;
ORANGE_CONCRETE;
ORANGE_CONCRETE;
YELLOW_CONCRETE;
YELLOW_CONCRETE;
YELLOW_CONCRETE;
YELLOW_CONCRETE;
ORANGE_CONCRETE;
ORANGE_CONCRETE;
RED_CONCRETE;
RED_CONCRETE;
RED_CONCRETE;
RED_CONCRETE;
ORANGE_CONCRETE;
ORANGE_CONCRETE;
YELLOW_CONCRETE;
ORANGE_CONCRETE;
YELLOW_CONCRETE;
LIME_CONCRETE;
LIME_CONCRETE;
BLACK_CONCRETE;
LIME_CONCRETE;
LIGHT_BLUE_CONCRETE;
LIGHT_BLUE_CONCRETE;
LIGHT_BLUE_CONCRETE;
CYAN_CONCRETE;
CYAN_CONCRETE;
CYAN_CONCRETE;
CYAN_CONCRETE;
CYAN_CONCRETE;
GREEN_CONCRETE;
CYAN_CONCRETE;
CYAN_CONCRETE;
CYAN_CONCRETE;
CYAN_CONCRETE;
CYAN_CONCRETE;
CYAN_CONCRETE;
CYAN_CONCRETE;
CYAN_CONCRETE;
CYAN_CONCRETE;
CYAN_CONCRETE;
CYAN_CONCRETE;
CYAN_CONCRETE;
CYAN_CONCRETE;
CYAN_CONCRETE;
CYAN_CONCRETE;
CYAN_CONCRETE;
LIME_CONCRETE;
BLACK_CONCRETE;
YELLOW_CONCRETE;
ORANGE_CONCRETE;
ORANGE_CONCRETE;
ORANGE_CONCRETE;
YELLOW_CONCRETE;
YELLOW_CONCRETE;
YELLOW_CONCRETE;
ORANGE_CONCRETE;
ORANGE_CONCRETE;
ORANGE_CONCRETE;
RED_CONCRETE;
RED_CONCRETE;
RED_CONCRETE;
RED_CONCRETE;
ORANGE_CONCRETE;
ORANGE_CONCRETE;
ORANGE_CONCRETE;
ORANGE_CONCRETE;
YELLOW_CONCRETE;
LIME_CONCRETE;
LIME_CONCRETE;
YELLOW_CONCRETE;
BLACK_CONCRETE;
GREEN_CONCRETE;
LIGHT_BLUE_CONCRETE;
LIGHT_BLUE_CONCRETE;
CYAN_CONCRETE;
CYAN_CONCRETE;
CYAN_CONCRETE;
CYAN_CONCRETE;
CYAN_CONCRETE;
CYAN_CONCRETE;
CYAN_CONCRETE;
CYAN_CONCRETE;
CYAN_CONCRETE;
LIGHT_BLUE_CONCRETE;
CYAN_CONCRETE;
CYAN_CONCRETE;
CYAN_CONCRETE;
CYAN_CONCRETE;
CYAN_CONCRETE;
CYAN_CONCRETE;
CYAN_CONCRETE;
CYAN_CONCRETE;
CYAN_CONCRETE;
CYAN_CONCRETE;
CYAN_CONCRETE;
CYAN_CONCRETE;
BLACK_CONCRETE;
YELLOW_CONCRETE;
YELLOW_CONCRETE;
ORANGE_CONCRETE;
ORANGE_CONCRETE;
ORANGE_CONCRETE;
ORANGE_CONCRETE;
YELLOW_CONCRETE;
ORANGE_CONCRETE;
ORANGE_CONCRETE;
ORANGE_CONCRETE;
ORANGE_CONCRETE;
ORANGE_CONCRETE;
RED_CONCRETE;
RED_CONCRETE;
RED_CONCRETE;
ORANGE_CONCRETE;
ORANGE_CONCRETE;
ORANGE_CONCRETE;
ORANGE_CONCRETE;
YELLOW_CONCRETE;
BLACK_CONCRETE;
LIME_CONCRETE;
YELLOW_CONCRETE;
YELLOW_CONCRETE;
LIME_CONCRETE;
CYAN_CONCRETE;
LIGHT_BLUE_CONCRETE;
LIGHT_BLUE_CONCRETE;
CYAN_CONCRETE;
CYAN_CONCRETE;
CYAN_CONCRETE;
CYAN_CONCRETE;
CYAN_CONCRETE;
CYAN_CONCRETE;
CYAN_CONCRETE;
CYAN_CONCRETE;
CYAN_CONCRETE;
CYAN_CONCRETE;
CYAN_CONCRETE;
CYAN_CONCRETE;
CYAN_CONCRETE;
LIGHT_BLUE_CONCRETE;
CYAN_CONCRETE;
CYAN_CONCRETE;
CYAN_CONCRETE;
CYAN_CONCRETE;
CYAN_CONCRETE;
CYAN_CONCRETE;
CYAN_CONCRETE;
BLACK_CONCRETE;
YELLOW_CONCRETE;
YELLOW_CONCRETE;
ORANGE_CONCRETE;
ORANGE_CONCRETE;
ORANGE_CONCRETE;
ORANGE_CONCRETE;
ORANGE_CONCRETE;
ORANGE_CONCRETE;
ORANGE_CONCRETE;
ORANGE_CONCRETE;
RED_CONCRETE;
RED_CONCRETE;
RED_CONCRETE;
RED_CONCRETE;
RED_CONCRETE;
ORANGE_CONCRETE;
ORANGE_CONCRETE;
ORANGE_CONCRETE;
ORANGE_CONCRETE;
YELLOW_CONCRETE;
LIME_CONCRETE;
BLACK_CONCRETE;
YELLOW_CONCRETE;
YELLOW_CONCRETE;
BLACK_CONCRETE;
GREEN_CONCRETE;
LIGHT_BLUE_CONCRETE;
LIGHT_BLUE_CONCRETE;
LIGHT_BLUE_CONCRETE;
LIGHT_BLUE_CONCRETE;
CYAN_CONCRETE;
CYAN_CONCRETE;
CYAN_CONCRETE;
CYAN_CONCRETE;
CYAN_CONCRETE;
GREEN_CONCRETE;
GREEN_CONCRETE;
GREEN_CONCRETE;
GREEN_CONCRETE;
GREEN_CONCRETE;
CYAN_CONCRETE;
CYAN_CONCRETE;
CYAN_CONCRETE;
CYAN_CONCRETE;
CYAN_CONCRETE;
CYAN_CONCRETE;
CYAN_CONCRETE;
LIGHT_BLUE_CONCRETE;
LIGHT_BLUE_CONCRETE;
YELLOW_CONCRETE;
YELLOW_CONCRETE;
YELLOW_CONCRETE;
ORANGE_CONCRETE;
ORANGE_CONCRETE;
ORANGE_CONCRETE;
ORANGE_CONCRETE;
ORANGE_CONCRETE;
ORANGE_CONCRETE;
ORANGE_CONCRETE;
ORANGE_CONCRETE;
RED_CONCRETE;
RED_CONCRETE;
RED_CONCRETE;
RED_CONCRETE;
RED_CONCRETE;
ORANGE_CONCRETE;
ORANGE_CONCRETE;
ORANGE_CONCRETE;
ORANGE_CONCRETE;
YELLOW_CONCRETE;
LIME_CONCRETE;
BLACK_CONCRETE;
ORANGE_CONCRETE;
ORANGE_CONCRETE;
YELLOW_CONCRETE;
BLACK_CONCRETE;
GREEN_CONCRETE;
LIGHT_BLUE_CONCRETE;
BLUE_CONCRETE;
LIGHT_BLUE_CONCRETE;
LIGHT_BLUE_CONCRETE;
LIGHT_BLUE_CONCRETE;
CYAN_CONCRETE;
CYAN_CONCRETE;
CYAN_CONCRETE;
CYAN_CONCRETE;
GREEN_CONCRETE;
GREEN_CONCRETE;
GREEN_CONCRETE;
GREEN_CONCRETE;
GREEN_CONCRETE;
GREEN_CONCRETE;
GREEN_CONCRETE;
CYAN_CONCRETE;
GREEN_CONCRETE;
CYAN_CONCRETE;
CYAN_CONCRETE;
CYAN_CONCRETE;
CYAN_CONCRETE;
YELLOW_CONCRETE;
YELLOW_CONCRETE;
ORANGE_CONCRETE;
RED_CONCRETE;
RED_CONCRETE;
ORANGE_CONCRETE;
ORANGE_CONCRETE;
ORANGE_CONCRETE;
ORANGE_CONCRETE;
ORANGE_CONCRETE;
RED_CONCRETE;
RED_CONCRETE;
RED_CONCRETE;
RED_CONCRETE;
RED_CONCRETE;
ORANGE_CONCRETE;
ORANGE_CONCRETE;
ORANGE_CONCRETE;
ORANGE_CONCRETE;
ORANGE_CONCRETE;
BLACK_CONCRETE;
BLACK_CONCRETE;
YELLOW_CONCRETE;
ORANGE_CONCRETE;
ORANGE_CONCRETE;
ORANGE_CONCRETE;
ORANGE_CONCRETE;
LIME_CONCRETE;
GREEN_CONCRETE;
LIGHT_BLUE_CONCRETE;
LIGHT_BLUE_CONCRETE;
LIGHT_BLUE_CONCRETE;
LIGHT_BLUE_CONCRETE;
CYAN_CONCRETE;
CYAN_CONCRETE;
CYAN_CONCRETE;
CYAN_CONCRETE;
CYAN_CONCRETE;
CYAN_CONCRETE;
GREEN_CONCRETE;
CYAN_CONCRETE;
GREEN_CONCRETE;
GREEN_CONCRETE;
GREEN_CONCRETE;
GREEN_CONCRETE;
GREEN_CONCRETE;
GREEN_CONCRETE;
GREEN_CONCRETE;
CYAN_CONCRETE;
CYAN_CONCRETE;
YELLOW_CONCRETE;
YELLOW_CONCRETE;
ORANGE_CONCRETE;
RED_CONCRETE;
RED_CONCRETE;
ORANGE_CONCRETE;
ORANGE_CONCRETE;
ORANGE_CONCRETE;
ORANGE_CONCRETE;
ORANGE_CONCRETE;
ORANGE_CONCRETE;
ORANGE_CONCRETE;
ORANGE_CONCRETE;
RED_CONCRETE;
ORANGE_CONCRETE;
ORANGE_CONCRETE;
ORANGE_CONCRETE;
ORANGE_CONCRETE;
YELLOW_CONCRETE;
YELLOW_CONCRETE;
BLACK_CONCRETE;
YELLOW_CONCRETE;
YELLOW_CONCRETE;
ORANGE_CONCRETE;
ORANGE_CONCRETE;
ORANGE_CONCRETE;
YELLOW_CONCRETE;
BLACK_CONCRETE;
BLACK_CONCRETE;
GREEN_CONCRETE;
LIGHT_BLUE_CONCRETE;
LIGHT_BLUE_CONCRETE;
LIGHT_BLUE_CONCRETE;
LIGHT_BLUE_CONCRETE;
LIGHT_BLUE_CONCRETE;
LIGHT_BLUE_CONCRETE;
CYAN_CONCRETE;
CYAN_CONCRETE;
CYAN_CONCRETE;
CYAN_CONCRETE;
CYAN_CONCRETE;
CYAN_CONCRETE;
CYAN_CONCRETE;
CYAN_CONCRETE;
CYAN_CONCRETE;
CYAN_CONCRETE;
GREEN_CONCRETE;
CYAN_CONCRETE;
LIGHT_BLUE_CONCRETE;
LIGHT_BLUE_CONCRETE;
YELLOW_CONCRETE;
YELLOW_CONCRETE;
ORANGE_CONCRETE;
RED_CONCRETE;
RED_CONCRETE;
RED_CONCRETE;
ORANGE_CONCRETE;
ORANGE_CONCRETE;
ORANGE_CONCRETE;
ORANGE_CONCRETE;
ORANGE_CONCRETE;
ORANGE_CONCRETE;
ORANGE_CONCRETE;
ORANGE_CONCRETE;
ORANGE_CONCRETE;
ORANGE_CONCRETE;
ORANGE_CONCRETE;
ORANGE_CONCRETE;
ORANGE_CONCRETE;
YELLOW_CONCRETE;
BLACK_CONCRETE;
YELLOW_CONCRETE;
ORANGE_CONCRETE;
ORANGE_CONCRETE;
ORANGE_CONCRETE;
ORANGE_CONCRETE;
YELLOW_CONCRETE;
ORANGE_CONCRETE;
ORANGE_CONCRETE;
BLACK_CONCRETE;
LIME_CONCRETE;
CYAN_CONCRETE;
LIGHT_BLUE_CONCRETE;
BLUE_CONCRETE;
LIGHT_BLUE_CONCRETE;
LIGHT_BLUE_CONCRETE;
LIGHT_BLUE_CONCRETE;
LIGHT_BLUE_CONCRETE;
LIGHT_BLUE_CONCRETE;
LIGHT_BLUE_CONCRETE;
LIGHT_BLUE_CONCRETE;
LIGHT_BLUE_CONCRETE;
LIGHT_BLUE_CONCRETE;
LIGHT_BLUE_CONCRETE;
LIGHT_BLUE_CONCRETE;
LIGHT_BLUE_CONCRETE;
LIGHT_BLUE_CONCRETE;
LIGHT_BLUE_CONCRETE;
BLUE_CONCRETE;
LIGHT_BLUE_CONCRETE;
YELLOW_CONCRETE;
ORANGE_CONCRETE;
ORANGE_CONCRETE;
RED_CONCRETE;
ORANGE_CONCRETE;
RED_CONCRETE;
RED_CONCRETE;
ORANGE_CONCRETE;
ORANGE_CONCRETE;
ORANGE_CONCRETE;
ORANGE_CONCRETE;
ORANGE_CONCRETE;
ORANGE_CONCRETE;
ORANGE_CONCRETE;
ORANGE_CONCRETE;
ORANGE_CONCRETE;
ORANGE_CONCRETE;
ORANGE_CONCRETE;
ORANGE_CONCRETE;
ORANGE_CONCRETE;
YELLOW_CONCRETE;
ORANGE_CONCRETE;
ORANGE_CONCRETE;
ORANGE_CONCRETE;
ORANGE_CONCRETE;
RED_CONCRETE;
ORANGE_CONCRETE;
ORANGE_CONCRETE;
ORANGE_CONCRETE;
ORANGE_CONCRETE;
YELLOW_CONCRETE;
BLACK_CONCRETE;
LIME_CONCRETE;
CYAN_CONCRETE;
LIGHT_BLUE_CONCRETE;
LIGHT_BLUE_CONCRETE;
BLUE_CONCRETE;
BLUE_CONCRETE;
LIGHT_BLUE_CONCRETE;
BLUE_CONCRETE;
BLUE_CONCRETE;
BLUE_CONCRETE;
BLUE_CONCRETE;
BLUE_CONCRETE;
BLUE_CONCRETE;
BLUE_CONCRETE;
BLUE_CONCRETE;
LIGHT_BLUE_CONCRETE;
LIGHT_BLUE_CONCRETE;
LIGHT_BLUE_CONCRETE;
YELLOW_CONCRETE;
ORANGE_CONCRETE;
ORANGE_CONCRETE;
ORANGE_CONCRETE;
ORANGE_CONCRETE;
RED_CONCRETE;
RED_CONCRETE;
ORANGE_CONCRETE;
ORANGE_CONCRETE;
RED_CONCRETE;
RED_CONCRETE;
RED_CONCRETE;
ORANGE_CONCRETE;
RED_CONCRETE;
ORANGE_CONCRETE;
ORANGE_CONCRETE;
ORANGE_CONCRETE;
ORANGE_CONCRETE;
ORANGE_CONCRETE;
YELLOW_CONCRETE;
YELLOW_CONCRETE;
ORANGE_CONCRETE;
ORANGE_CONCRETE;
ORANGE_CONCRETE;
RED_CONCRETE;
RED_CONCRETE;
RED_CONCRETE;
RED_CONCRETE;
RED_CONCRETE;
ORANGE_CONCRETE;
ORANGE_CONCRETE;
YELLOW_CONCRETE;
BLACK_CONCRETE;
LIME_CONCRETE;
GREEN_CONCRETE;
CYAN_CONCRETE;
LIGHT_BLUE_CONCRETE;
LIGHT_BLUE_CONCRETE;
LIGHT_BLUE_CONCRETE;
LIGHT_BLUE_CONCRETE;
LIGHT_BLUE_CONCRETE;
LIGHT_BLUE_CONCRETE;
LIGHT_BLUE_CONCRETE;
LIGHT_BLUE_CONCRETE;
LIGHT_BLUE_CONCRETE;
LIGHT_BLUE_CONCRETE;
LIGHT_BLUE_CONCRETE;
LIGHT_BLUE_CONCRETE;
LIGHT_BLUE_CONCRETE;
LIGHT_BLUE_CONCRETE;
YELLOW_CONCRETE;
ORANGE_CONCRETE;
RED_CONCRETE;
RED_CONCRETE;
RED_CONCRETE;
RED_CONCRETE;
RED_CONCRETE;
RED_CONCRETE;
RED_CONCRETE;
RED_CONCRETE;
RED_CONCRETE;
RED_CONCRETE;
RED_CONCRETE;
RED_CONCRETE;
ORANGE_CONCRETE;
ORANGE_CONCRETE;
ORANGE_CONCRETE;
ORANGE_CONCRETE;
ORANGE_CONCRETE;
YELLOW_CONCRETE;
ORANGE_CONCRETE;
ORANGE_CONCRETE;
ORANGE_CONCRETE;
RED_CONCRETE;
RED_CONCRETE;
RED_CONCRETE;
RED_CONCRETE;
RED_CONCRETE;
RED_CONCRETE;
ORANGE_CONCRETE;
YELLOW_CONCRETE;
LIME_CONCRETE;
GREEN_CONCRETE;
LIME_CONCRETE;
LIME_CONCRETE;
BLACK_CONCRETE;
BLACK_CONCRETE;
BLACK_CONCRETE;
BLACK_CONCRETE;
BLACK_CONCRETE;
BLACK_CONCRETE;
BLACK_CONCRETE;
LIME_CONCRETE;
LIME_CONCRETE;
LIME_CONCRETE;
GREEN_CONCRETE;
GREEN_CONCRETE;
CYAN_CONCRETE;
CYAN_CONCRETE;
LIGHT_BLUE_CONCRETE;
YELLOW_CONCRETE;
ORANGE_CONCRETE;
RED_CONCRETE;
RED_CONCRETE;
RED_CONCRETE;
RED_CONCRETE;
RED_CONCRETE;
RED_CONCRETE;
RED_CONCRETE;
RED_CONCRETE;
RED_CONCRETE;
RED_CONCRETE;
RED_CONCRETE;
RED_CONCRETE;
ORANGE_CONCRETE;
ORANGE_CONCRETE;
ORANGE_CONCRETE;
ORANGE_CONCRETE;
ORANGE_CONCRETE;
ORANGE_CONCRETE;
ORANGE_CONCRETE;
ORANGE_CONCRETE;
RED_CONCRETE;
RED_CONCRETE;
RED_CONCRETE;
RED_CONCRETE;
RED_CONCRETE;
RED_CONCRETE;
RED_CONCRETE;
ORANGE_CONCRETE;
YELLOW_CONCRETE;
BLACK_CONCRETE;
LIME_CONCRETE;
ORANGE_CONCRETE;
ORANGE_CONCRETE;
ORANGE_CONCRETE;
ORANGE_CONCRETE;
YELLOW_CONCRETE;
YELLOW_CONCRETE;
ORANGE_CONCRETE;
ORANGE_CONCRETE;
ORANGE_CONCRETE;
ORANGE_CONCRETE;
YELLOW_CONCRETE;
BLACK_CONCRETE;
BLACK_CONCRETE;
BLACK_CONCRETE;
LIME_CONCRETE;
GREEN_CONCRETE;
CYAN_CONCRETE;
BLACK_CONCRETE;
ORANGE_CONCRETE;
RED_CONCRETE;
RED_CONCRETE;
RED_CONCRETE;
RED_CONCRETE;
RED_CONCRETE;
RED_CONCRETE;
RED_CONCRETE;
RED_CONCRETE;
RED_CONCRETE;
RED_CONCRETE;
RED_CONCRETE;
RED_CONCRETE;
ORANGE_CONCRETE;
ORANGE_CONCRETE;
ORANGE_CONCRETE;
ORANGE_CONCRETE;
ORANGE_CONCRETE;
ORANGE_CONCRETE;
ORANGE_CONCRETE;
RED_CONCRETE;
RED_CONCRETE;
RED_CONCRETE;
RED_CONCRETE;
RED_CONCRETE;
RED_CONCRETE;
RED_CONCRETE;
RED_CONCRETE;
ORANGE_CONCRETE;
ORANGE_CONCRETE;
YELLOW_CONCRETE;
LIME_CONCRETE;
ORANGE_CONCRETE;
RED_CONCRETE;
RED_CONCRETE;
RED_CONCRETE;
ORANGE_CONCRETE;
ORANGE_CONCRETE;
RED_CONCRETE;
RED_CONCRETE;
ORANGE_CONCRETE;
ORANGE_CONCRETE;
ORANGE_CONCRETE;
YELLOW_CONCRETE;
YELLOW_CONCRETE;
YELLOW_CONCRETE;
BLACK_CONCRETE;
BLACK_CONCRETE;
LIME_CONCRETE;
YELLOW_CONCRETE;
YELLOW_CONCRETE;
ORANGE_CONCRETE;
RED_CONCRETE;
RED_CONCRETE;
RED_CONCRETE;
RED_CONCRETE;
RED_CONCRETE;
RED_CONCRETE;
RED_CONCRETE;
RED_CONCRETE;
RED_CONCRETE;
RED_CONCRETE;
RED_CONCRETE;
ORANGE_CONCRETE;
ORANGE_CONCRETE;
ORANGE_CONCRETE;
ORANGE_CONCRETE;
ORANGE_CONCRETE;
ORANGE_CONCRETE;
RED_CONCRETE;
RED_CONCRETE;
RED_CONCRETE;
RED_CONCRETE;
RED_CONCRETE;
RED_CONCRETE;
RED_CONCRETE;
RED_CONCRETE;
RED_CONCRETE;
RED_CONCRETE;
RED_CONCRETE;
YELLOW_CONCRETE;
BLACK_CONCRETE;
ORANGE_CONCRETE;
RED_CONCRETE;
RED_CONCRETE;
RED_CONCRETE;
RED_CONCRETE;
RED_CONCRETE;
RED_CONCRETE;
RED_CONCRETE;
RED_CONCRETE;
ORANGE_CONCRETE;
ORANGE_CONCRETE;
YELLOW_CONCRETE;
ORANGE_CONCRETE;
YELLOW_CONCRETE;
YELLOW_CONCRETE;
BLACK_CONCRETE;
BLACK_CONCRETE;
ORANGE_CONCRETE;
YELLOW_CONCRETE;
ORANGE_CONCRETE;
RED_CONCRETE;
RED_CONCRETE;
RED_CONCRETE;
RED_CONCRETE;
RED_CONCRETE;
RED_CONCRETE;
RED_CONCRETE;
RED_CONCRETE;
RED_CONCRETE;
RED_CONCRETE;
RED_CONCRETE;
RED_CONCRETE;
RED_CONCRETE;
RED_CONCRETE;
ORANGE_CONCRETE;
RED_CONCRETE;
RED_CONCRETE;
RED_CONCRETE;
RED_CONCRETE;
RED_CONCRETE;
RED_CONCRETE;
RED_CONCRETE;
RED_CONCRETE;
RED_CONCRETE;
RED_CONCRETE;
RED_CONCRETE;
RED_CONCRETE;
RED_CONCRETE;
YELLOW_CONCRETE;
LIME_CONCRETE;
ORANGE_CONCRETE;
RED_CONCRETE;
RED_CONCRETE;
RED_CONCRETE;
RED_CONCRETE;
RED_CONCRETE;
RED_CONCRETE;
RED_CONCRETE;
RED_CONCRETE;
RED_CONCRETE;
ORANGE_CONCRETE;
ORANGE_CONCRETE;
ORANGE_CONCRETE;
YELLOW_CONCRETE;
YELLOW_CONCRETE;
YELLOW_CONCRETE;
BLACK_CONCRETE;
ORANGE_CONCRETE;
YELLOW_CONCRETE;
YELLOW_CONCRETE;
RED_CONCRETE;
RED_CONCRETE;
RED_CONCRETE;
RED_CONCRETE;
RED_CONCRETE;
RED_CONCRETE;
RED_CONCRETE;
RED_CONCRETE;
RED_CONCRETE;
RED_CONCRETE;
ORANGE_CONCRETE;
RED_CONCRETE;
RED_CONCRETE;
ORANGE_CONCRETE;
RED_CONCRETE;
RED_CONCRETE;
RED_CONCRETE;
RED_CONCRETE;
RED_CONCRETE;
RED_CONCRETE;
RED_CONCRETE;
RED_CONCRETE;
RED_CONCRETE;
RED_CONCRETE;
RED_CONCRETE;
RED_CONCRETE;
RED_CONCRETE;
ORANGE_CONCRETE;
YELLOW_CONCRETE;
LIME_CONCRETE;
YELLOW_CONCRETE;
RED_CONCRETE;
RED_CONCRETE;
RED_CONCRETE;
RED_CONCRETE;
RED_CONCRETE;
RED_CONCRETE;
RED_CONCRETE;
RED_CONCRETE;
RED_CONCRETE;
RED_CONCRETE;
RED_CONCRETE;
ORANGE_CONCRETE;
YELLOW_CONCRETE;
YELLOW_CONCRETE;
BLACK_CONCRETE;
LIME_CONCRETE;
ORANGE_CONCRETE;
ORANGE_CONCRETE;
ORANGE_CONCRETE;
ORANGE_CONCRETE;
ORANGE_CONCRETE;
RED_CONCRETE;
ORANGE_CONCRETE;
RED_CONCRETE;
RED_CONCRETE;
RED_CONCRETE;
RED_CONCRETE;
RED_CONCRETE;
RED_CONCRETE;
RED_CONCRETE;
RED_CONCRETE;
RED_CONCRETE;
RED_CONCRETE;
RED_CONCRETE;
RED_CONCRETE;
RED_CONCRETE;
RED_CONCRETE;
RED_CONCRETE;
RED_CONCRETE;
RED_CONCRETE;
RED_CONCRETE;
RED_CONCRETE;
RED_CONCRETE;
RED_CONCRETE;
ORANGE_CONCRETE;
YELLOW_CONCRETE;
BLACK_CONCRETE;
YELLOW_CONCRETE;
YELLOW_CONCRETE;
ORANGE_CONCRETE;
RED_CONCRETE;
RED_CONCRETE;
RED_CONCRETE;
RED_CONCRETE;
RED_CONCRETE;
RED_CONCRETE;
RED_CONCRETE;
RED_CONCRETE;
RED_CONCRETE;
RED_CONCRETE;
RED_CONCRETE;
ORANGE_CONCRETE;
YELLOW_CONCRETE;
BLACK_CONCRETE;
BLACK_CONCRETE;
BLACK_CONCRETE;
ORANGE_CONCRETE;
ORANGE_CONCRETE;
ORANGE_CONCRETE;
ORANGE_CONCRETE;
ORANGE_CONCRETE;
ORANGE_CONCRETE;
RED_CONCRETE;
RED_CONCRETE;
RED_CONCRETE;
RED_CONCRETE;
ORANGE_CONCRETE;
ORANGE_CONCRETE;
ORANGE_CONCRETE;
ORANGE_CONCRETE;
RED_CONCRETE;
RED_CONCRETE;
RED_CONCRETE;
RED_CONCRETE;
RED_CONCRETE;
RED_CONCRETE;
RED_CONCRETE;
RED_CONCRETE;
RED_CONCRETE;
RED_CONCRETE;
RED_CONCRETE;
RED_CONCRETE;
RED_CONCRETE;
ORANGE_CONCRETE;
YELLOW_CONCRETE;
BLACK_CONCRETE;
ORANGE_CONCRETE;
RED_CONCRETE;
ORANGE_CONCRETE;
RED_CONCRETE;
RED_CONCRETE;
RED_CONCRETE;
RED_CONCRETE;
RED_CONCRETE;
RED_CONCRETE;
RED_CONCRETE;
RED_CONCRETE;
RED_CONCRETE;
RED_CONCRETE;
RED_CONCRETE;
RED_CONCRETE;
ORANGE_CONCRETE;
ORANGE_CONCRETE;
YELLOW_CONCRETE;
YELLOW_CONCRETE;
YELLOW_CONCRETE;
RED_CONCRETE;
ORANGE_CONCRETE;
ORANGE_CONCRETE;
RED_CONCRETE;
RED_CONCRETE;
ORANGE_CONCRETE;
RED_CONCRETE;
RED_CONCRETE;
RED_CONCRETE;
ORANGE_CONCRETE;
ORANGE_CONCRETE;
ORANGE_CONCRETE;
RED_CONCRETE;
RED_CONCRETE;
RED_CONCRETE;
RED_CONCRETE;
RED_CONCRETE;
RED_CONCRETE;
RED_CONCRETE;
RED_CONCRETE;
RED_CONCRETE;
RED_CONCRETE;
ORANGE_CONCRETE;
RED_CONCRETE;
RED_CONCRETE;
RED_CONCRETE;
ORANGE_CONCRETE;
ORANGE_CONCRETE;
YELLOW_CONCRETE;
ORANGE_CONCRETE;
RED_CONCRETE;
RED_CONCRETE;
RED_CONCRETE;
RED_CONCRETE;
RED_CONCRETE;
RED_CONCRETE;
RED_CONCRETE;
RED_CONCRETE;
RED_CONCRETE;
RED_CONCRETE;
RED_CONCRETE;
RED_CONCRETE;
RED_CONCRETE;
RED_CONCRETE;
RED_CONCRETE;
ORANGE_CONCRETE;
ORANGE_CONCRETE;
YELLOW_CONCRETE;
YELLOW_CONCRETE;
ORANGE_CONCRETE;
RED_CONCRETE;
RED_CONCRETE;
RED_CONCRETE;
RED_CONCRETE;
RED_CONCRETE;
RED_CONCRETE;
RED_CONCRETE;
RED_CONCRETE;
ORANGE_CONCRETE;
ORANGE_CONCRETE;
RED_CONCRETE;
RED_CONCRETE;
RED_CONCRETE;
RED_CONCRETE;
RED_CONCRETE;
RED_CONCRETE;
RED_CONCRETE;
RED_CONCRETE;
RED_CONCRETE;
RED_CONCRETE;
RED_CONCRETE;
RED_CONCRETE;
RED_CONCRETE;
RED_CONCRETE;
RED_CONCRETE;
RED_CONCRETE;
RED_CONCRETE;
ORANGE_CONCRETE;
YELLOW_CONCRETE;
RED_CONCRETE;
RED_CONCRETE;
RED_CONCRETE;
RED_CONCRETE;
RED_CONCRETE;
RED_CONCRETE;
RED_CONCRETE;
RED_CONCRETE;
RED_CONCRETE;
RED_CONCRETE;
RED_CONCRETE;
RED_CONCRETE;
RED_CONCRETE;
RED_CONCRETE;
RED_CONCRETE;
RED_CONCRETE;
ORANGE_CONCRETE;
ORANGE_CONCRETE;
ORANGE_CONCRETE;
YELLOW_CONCRETE;
ORANGE_CONCRETE;
RED_CONCRETE;
RED_CONCRETE;
RED_CONCRETE;
RED_CONCRETE;
RED_CONCRETE;
ORANGE_CONCRETE;
ORANGE_CONCRETE;
ORANGE_CONCRETE;
ORANGE_CONCRETE;
ORANGE_CONCRETE;
RED_CONCRETE;
RED_CONCRETE;
RED_CONCRETE;
RED_CONCRETE;
RED_CONCRETE;
RED_CONCRETE;
RED_CONCRETE;
RED_CONCRETE;
RED_CONCRETE;
RED_CONCRETE;
RED_CONCRETE;
RED_CONCRETE;
RED_CONCRETE;
RED_CONCRETE;
RED_CONCRETE;
ORANGE_CONCRETE;
YELLOW_CONCRETE;
ORANGE_CONCRETE;
ORANGE_CONCRETE;
RED_CONCRETE;
RED_CONCRETE;
RED_CONCRETE;
RED_CONCRETE;
RED_CONCRETE;
RED_CONCRETE;
RED_CONCRETE;
RED_CONCRETE;
RED_CONCRETE;
RED_CONCRETE;
RED_CONCRETE;
RED_CONCRETE;
RED_CONCRETE;
RED_CONCRETE;
RED_CONCRETE;
RED_CONCRETE;
RED_CONCRETE;
ORANGE_CONCRETE;
ORANGE_CONCRETE;
ORANGE_CONCRETE;
ORANGE_CONCRETE;
RED_CONCRETE;
RED_CONCRETE;
RED_CONCRETE;
RED_CONCRETE;
RED_CONCRETE;
ORANGE_CONCRETE;
ORANGE_CONCRETE;
ORANGE_CONCRETE;
ORANGE_CONCRETE;
RED_CONCRETE;
RED_CONCRETE;
RED_CONCRETE;
RED_CONCRETE;
RED_CONCRETE;
RED_CONCRETE;
RED_CONCRETE;
RED_CONCRETE;
RED_CONCRETE;
RED_CONCRETE;
RED_CONCRETE;
ORANGE_CONCRETE;
RED_CONCRETE;
RED_CONCRETE;
RED_CONCRETE;
RED_CONCRETE;
RED_CONCRETE;
ORANGE_CONCRETE;
ORANGE_CONCRETE;
RED_CONCRETE;
RED_CONCRETE;
RED_CONCRETE;
RED_CONCRETE;
RED_CONCRETE;
RED_CONCRETE;
RED_CONCRETE;
RED_CONCRETE;
RED_CONCRETE;
RED_CONCRETE;
RED_CONCRETE;
RED_CONCRETE;
RED_CONCRETE;
RED_CONCRETE;
RED_CONCRETE;
RED_CONCRETE;
RED_CONCRETE;
RED_CONCRETE;
RED_CONCRETE;
ORANGE_CONCRETE;
ORANGE_CONCRETE;
ORANGE_CONCRETE;
ORANGE_CONCRETE;
ORANGE_CONCRETE;
RED_CONCRETE;
RED_CONCRETE;
RED_CONCRETE;
ORANGE_CONCRETE;
ORANGE_CONCRETE;
ORANGE_CONCRETE;
RED_CONCRETE;
RED_CONCRETE;
RED_CONCRETE;
RED_CONCRETE;
RED_CONCRETE;
RED_CONCRETE;
RED_CONCRETE;
RED_CONCRETE;
RED_CONCRETE;
RED_CONCRETE;
RED_CONCRETE;
RED_CONCRETE;
RED_CONCRETE;
RED_CONCRETE;
RED_CONCRETE;
RED_CONCRETE;
RED_CONCRETE;
RED_CONCRETE;
ORANGE_CONCRETE;
ORANGE_CONCRETE;
RED_CONCRETE;
RED_CONCRETE;
RED_CONCRETE;
RED_CONCRETE;
RED_CONCRETE;
RED_CONCRETE;
RED_CONCRETE;
RED_CONCRETE;
RED_CONCRETE;
RED_CONCRETE;
RED_CONCRETE;
RED_CONCRETE;
RED_CONCRETE;
RED_CONCRETE;
RED_CONCRETE;
RED_CONCRETE;
RED_CONCRETE;
RED_CONCRETE;
RED_CONCRETE;
ORANGE_CONCRETE;
YELLOW_CONCRETE;
ORANGE_CONCRETE;
RED_CONCRETE;
RED_CONCRETE;
RED_CONCRETE;
RED_CONCRETE;
RED_CONCRETE;
ORANGE_CONCRETE;
ORANGE_CONCRETE;
ORANGE_CONCRETE;
RED_CONCRETE;
RED_CONCRETE;
ORANGE_CONCRETE;
RED_CONCRETE;
RED_CONCRETE;
RED_CONCRETE;
RED_CONCRETE;
RED_CONCRETE;
RED_CONCRETE;
RED_CONCRETE;
RED_CONCRETE;
RED_CONCRETE;
RED_CONCRETE;
RED_CONCRETE;
RED_CONCRETE;
RED_CONCRETE;
RED_CONCRETE;
ORANGE_CONCRETE;
ORANGE_CONCRETE;
RED_CONCRETE;
RED_CONCRETE;
RED_CONCRETE;
RED_CONCRETE;
RED_CONCRETE;
RED_CONCRETE;
RED_CONCRETE;
RED_CONCRETE;
RED_CONCRETE;
RED_CONCRETE;
RED_CONCRETE;
RED_CONCRETE;
RED_CONCRETE;
RED_CONCRETE;
RED_CONCRETE;
RED_CONCRETE;
RED_CONCRETE;
RED_CONCRETE;
RED_CONCRETE;
RED_CONCRETE;
ORANGE_CONCRETE;
YELLOW_CONCRETE;
YELLOW_CONCRETE;
RED_CONCRETE;
RED_CONCRETE;
RED_CONCRETE;
RED_CONCRETE;
ORANGE_CONCRETE;
ORANGE_CONCRETE;
ORANGE_CONCRETE;
RED_CONCRETE;
RED_CONCRETE;
RED_CONCRETE;
ORANGE_CONCRETE;
RED_CONCRETE;
RED_CONCRETE;
RED_CONCRETE;
RED_CONCRETE;
RED_CONCRETE;
RED_CONCRETE;
RED_CONCRETE;
RED_CONCRETE;
RED_CONCRETE;
RED_CONCRETE;
RED_CONCRETE;
RED_CONCRETE;
ORANGE_CONCRETE;
ORANGE_CONCRETE;
YELLOW_CONCRETE;
ORANGE_CONCRETE;
RED_CONCRETE;
RED_CONCRETE;
RED_CONCRETE;
RED_CONCRETE;
RED_CONCRETE;
RED_CONCRETE;
RED_CONCRETE;
RED_CONCRETE;
RED_CONCRETE;
RED_CONCRETE;
RED_CONCRETE;
RED_CONCRETE;
RED_CONCRETE;
RED_CONCRETE;
RED_CONCRETE;
RED_CONCRETE;
RED_CONCRETE;
RED_CONCRETE;
RED_CONCRETE;
ORANGE_CONCRETE;
YELLOW_CONCRETE;
YELLOW_CONCRETE;
YELLOW_CONCRETE;
RED_CONCRETE;
RED_CONCRETE;
RED_CONCRETE;
RED_CONCRETE;
ORANGE_CONCRETE;
ORANGE_CONCRETE;
ORANGE_CONCRETE;
ORANGE_CONCRETE;
RED_CONCRETE;
RED_CONCRETE;
RED_CONCRETE;
RED_CONCRETE;
RED_CONCRETE;
RED_CONCRETE;
RED_CONCRETE;
RED_CONCRETE;
RED_CONCRETE;
ORANGE_CONCRETE;
ORANGE_CONCRETE;
ORANGE_CONCRETE;
ORANGE_CONCRETE;
RED_CONCRETE;
ORANGE_CONCRETE;
ORANGE_CONCRETE;
ORANGE_CONCRETE;
RED_CONCRETE;
ORANGE_CONCRETE;
ORANGE_CONCRETE;
RED_CONCRETE;
RED_CONCRETE;
RED_CONCRETE;
RED_CONCRETE;
RED_CONCRETE;
RED_CONCRETE;
RED_CONCRETE;
RED_CONCRETE;
RED_CONCRETE;
RED_CONCRETE;
RED_CONCRETE;
RED_CONCRETE;
RED_CONCRETE;
RED_CONCRETE;
RED_CONCRETE;
RED_CONCRETE;
RED_CONCRETE;
RED_CONCRETE;
ORANGE_CONCRETE;
YELLOW_CONCRETE;
BLACK_CONCRETE;
BLACK_CONCRETE;
RED_CONCRETE;
RED_CONCRETE;
RED_CONCRETE;
RED_CONCRETE;
ORANGE_CONCRETE;
ORANGE_CONCRETE;
ORANGE_CONCRETE;
ORANGE_CONCRETE;
RED_CONCRETE;
RED_CONCRETE;
RED_CONCRETE;
RED_CONCRETE;
RED_CONCRETE;
RED_CONCRETE;
RED_CONCRETE;
RED_CONCRETE;
ORANGE_CONCRETE;
ORANGE_CONCRETE;
RED_CONCRETE;
ORANGE_CONCRETE;
ORANGE_CONCRETE;
ORANGE_CONCRETE;
ORANGE_CONCRETE;
ORANGE_CONCRETE;
RED_CONCRETE;
RED_CONCRETE;
ORANGE_CONCRETE;
ORANGE_CONCRETE;
RED_CONCRETE;
RED_CONCRETE;
RED_CONCRETE;
RED_CONCRETE;
RED_CONCRETE;
RED_CONCRETE;
RED_CONCRETE;
RED_CONCRETE;
RED_CONCRETE;
RED_CONCRETE;
RED_CONCRETE;
RED_CONCRETE;
RED_CONCRETE;
RED_CONCRETE;
RED_CONCRETE;
RED_CONCRETE;
RED_CONCRETE;
ORANGE_CONCRETE;
ORANGE_CONCRETE;
YELLOW_CONCRETE;
BLACK_CONCRETE;
BLACK_CONCRETE;
RED_CONCRETE;
RED_CONCRETE;
RED_CONCRETE;
ORANGE_CONCRETE;
ORANGE_CONCRETE;
ORANGE_CONCRETE;
ORANGE_CONCRETE;
ORANGE_CONCRETE;
RED_CONCRETE;
RED_CONCRETE;
RED_CONCRETE;
RED_CONCRETE;
RED_CONCRETE;
RED_CONCRETE;
RED_CONCRETE;
RED_CONCRETE;
ORANGE_CONCRETE;
ORANGE_CONCRETE;
RED_CONCRETE;
ORANGE_CONCRETE;
RED_CONCRETE;
RED_CONCRETE;
RED_CONCRETE;
RED_CONCRETE;
RED_CONCRETE;
RED_CONCRETE;
RED_CONCRETE;
RED_CONCRETE;
RED_CONCRETE;
RED_CONCRETE;
RED_CONCRETE;
RED_CONCRETE;
RED_CONCRETE;
RED_CONCRETE;
RED_CONCRETE;
RED_CONCRETE;
RED_CONCRETE;
RED_CONCRETE;
RED_CONCRETE;
RED_CONCRETE;
RED_CONCRETE;
RED_CONCRETE;
RED_CONCRETE;
RED_CONCRETE;
ORANGE_CONCRETE;
ORANGE_CONCRETE;
YELLOW_CONCRETE;
YELLOW_CONCRETE;
YELLOW_CONCRETE;
YELLOW_CONCRETE;
RED_CONCRETE;
RED_CONCRETE;
RED_CONCRETE;
ORANGE_CONCRETE;
ORANGE_CONCRETE;
ORANGE_CONCRETE;
ORANGE_CONCRETE;
ORANGE_CONCRETE;
RED_CONCRETE;
RED_CONCRETE;
RED_CONCRETE;
RED_CONCRETE;
RED_CONCRETE;
RED_CONCRETE;
RED_CONCRETE;
RED_CONCRETE;
RED_CONCRETE;
ORANGE_CONCRETE;
ORANGE_CONCRETE;
ORANGE_CONCRETE;
RED_CONCRETE;
RED_CONCRETE;
RED_CONCRETE;
RED_CONCRETE;
RED_CONCRETE;
RED_CONCRETE;
RED_CONCRETE;
RED_CONCRETE;
RED_CONCRETE;
RED_CONCRETE;
RED_CONCRETE;
RED_CONCRETE;
RED_CONCRETE;
RED_CONCRETE;
RED_CONCRETE;
RED_CONCRETE;
RED_CONCRETE;
RED_CONCRETE;
RED_CONCRETE;
RED_CONCRETE;
RED_CONCRETE;
RED_CONCRETE;
RED_CONCRETE;
RED_CONCRETE;
ORANGE_CONCRETE;
ORANGE_CONCRETE;
ORANGE_CONCRETE;
ORANGE_CONCRETE;
YELLOW_CONCRETE;
YELLOW_CONCRETE;
RED_CONCRETE;
RED_CONCRETE;
RED_CONCRETE;
RED_CONCRETE;
ORANGE_CONCRETE;
ORANGE_CONCRETE;
ORANGE_CONCRETE;
RED_CONCRETE;
RED_CONCRETE;
RED_CONCRETE;
RED_CONCRETE;
RED_CONCRETE;
RED_CONCRETE;
RED_CONCRETE;
RED_CONCRETE;
RED_CONCRETE;
ORANGE_CONCRETE;
RED_CONCRETE;
RED_CONCRETE;
RED_CONCRETE;
RED_CONCRETE;
RED_CONCRETE;
RED_CONCRETE;
RED_CONCRETE;
RED_CONCRETE;
RED_CONCRETE;
RED_CONCRETE;
RED_CONCRETE;
RED_CONCRETE;
RED_CONCRETE;
RED_CONCRETE;
RED_CONCRETE;
RED_CONCRETE;
RED_CONCRETE;
RED_CONCRETE;
RED_CONCRETE;
RED_CONCRETE;
RED_CONCRETE;
RED_CONCRETE;
RED_CONCRETE;
RED_CONCRETE;
RED_CONCRETE;
RED_CONCRETE;
ORANGE_CONCRETE;
ORANGE_CONCRETE;
ORANGE_CONCRETE;
ORANGE_CONCRETE;
YELLOW_CONCRETE;
YELLOW_CONCRETE;
YELLOW_CONCRETE;
